{"stats":{"minecraft:crafted":{"minecraft:oak_planks":20,"minecraft:birch_wood":3,"minecraft:crafting_table":2,"minecraft:stick":32,"minecraft:wooden_pickaxe":1,"minecraft:stone_pickaxe":1,"minecraft:stone_sword":1,"minecraft:birch_planks":20,"minecraft:torch":64,"minecraft:stone_axe":1},"minecraft:mined":{"byg:soapstone":2,"byg:orchard_leaves":4,"minecraft:blackstone":15,"minecraft:birch_log":7,"byg:yellow_daffodil":1,"minecraft:grass":1,"minecraft:coal_ore":16,"minecraft:oak_log":8,"projectvibrantjourneys:short_grass":7,"minecraft:white_stained_glass_pane":2,"byg:ripe_orchard_leaves":1,"minecraft:smooth_basalt":1,"minecraft:stone_bricks":2,"minecraft:stone":1,"byg:pink_allium":1},"minecraft:killed":{"minecraft:zombie":2},"minecraft:killed_by":{"minecraft:drowned":2,"mutantmonsters:creeper_minion":1,"mutantmonsters:mutant_creeper":4,"minecraft:spider":1,"minecraft:zombie":7},"minecraft:picked_up":{"minecraft:birch_log":7,"minecraft:stick":5,"minecraft:smooth_basalt":2,"byg:soapstone":1,"minecraft:ladder":4,"minecraft:torch":1,"minecraft:wooden_pickaxe":2,"minecraft:birch_planks":26,"minecraft:oak_log":15,"minecraft:gunpowder":1,"byg:white_sand":5,"byg:lollipop_flower":1,"minecraft:spider_eye":1,"minecraft:dirt":26,"minecraft:string":3,"minecraft:moss_carpet":1,"minecraft:stone_sword":1,"minecraft:bone":2,"minecraft:blackstone":23,"minecraft:rotten_flesh":17,"minecraft:slime_ball":1,"minecraft:apple":2,"minecraft:stone_axe":1,"minecraft:iron_ingot":4,"minecraft:stone_pickaxe":2,"minecraft:birch_sapling":6,"minecraft:oak_planks":24,"minecraft:coal":16,"minecraft:snowball":14,"minecraft:cobblestone":1},"minecraft:custom":{"minecraft:time_since_rest":2247,"minecraft:sprint_one_cm":71694,"minecraft:damage_taken":3518,"minecraft:walk_one_cm":45497,"minecraft:damage_blocked_by_shield":30,"minecraft:mob_kills":6,"minecraft:damage_dealt":1188,"minecraft:swim_one_cm":14113,"minecraft:interact_with_crafting_table":4,"minecraft:fly_one_cm":164601,"minecraft:play_time":27324,"minecraft:walk_under_water_one_cm":1329,"minecraft:crouch_one_cm":8305,"minecraft:sneak_time":2766,"minecraft:deaths":15,"minecraft:jump":608,"minecraft:leave_game":8,"minecraft:time_since_death":1270,"minecraft:walk_on_water_one_cm":4407,"minecraft:total_world_time":29057,"minecraft:fall_one_cm":20418},"minecraft:used":{"minecraft:oak_log":1,"mutantmonsters:mutant_creeper_spawn_egg":1,"minecraft:moss_carpet":1,"minecraft:stone_sword":12,"minecraft:stone_pickaxe":38,"minecraft:blackstone":5,"minecraft:wooden_pickaxe":4,"minecraft:shield":1,"minecraft:wooden_sword":15,"minecraft:torch":4,"minecraft:dirt":4,"minecraft:crafting_table":2,"minecraft:snowball":5}},"DataVersion":2975}