{"stats":{"minecraft:custom":{"minecraft:interact_with_crafting_table":68,"minecraft:open_barrel":4,"minecraft:leave_game":4,"minecraft:time_since_death":23459,"minecraft:sprint_one_cm":988689,"minecraft:damage_blocked_by_shield":490,"minecraft:drop":210,"minecraft:talked_to_villager":1,"minecraft:play_time":321974,"minecraft:deaths":60,"minecraft:jump":4388,"minecraft:walk_on_water_one_cm":18610,"minecraft:interact_with_furnace":87,"minecraft:sleep_in_bed":3,"minecraft:damage_dealt":55982,"minecraft:player_kills":2,"minecraft:crouch_one_cm":36778,"minecraft:mob_kills":245,"minecraft:damage_dealt_resisted":2996,"minecraft:climb_one_cm":38754,"minecraft:walk_one_cm":822260,"minecraft:damage_dealt_absorbed":122,"minecraft:sneak_time":12197,"minecraft:walk_under_water_one_cm":3244,"minecraft:total_world_time":322200,"minecraft:time_since_rest":23524,"minecraft:damage_taken":20121,"minecraft:swim_one_cm":4186,"minecraft:fly_one_cm":1389490,"minecraft:open_chest":133,"minecraft:fall_one_cm":89080},"minecraft:mined":{"minecraft:spruce_planks":2,"immersive_weathering:frost":1,"sophisticatedbackpacks:iron_backpack":2,"minecraft:cracked_polished_blackstone_bricks":2,"minecraft:spawner":7,"minecraft:light_blue_stained_glass":2,"minecraft:polished_blackstone_bricks":2,"immersive_weathering:mossy_stone":1,"minecraft:iron_ore":37,"minecraft:anvil":2,"minecraft:dark_oak_stairs":3,"minecraft:pointed_dripstone":4,"minecraft:dirt_path":2,"minecraft:iron_block":1,"minecraft:spruce_slab":1,"minecraft:piston_head":2,"minecraft:gray_terracotta":8,"immersive_weathering:frosty_glass":1,"mekanism:osmium_ore":15,"minecraft:quartz_block":4,"minecraft:cyan_terracotta":1,"immersive_weathering:spruce_leaf_pile":15,"minecraft:powder_snow":6,"minecraft:torch":8,"minecraft:chest":7,"minecraft:dead_bush":3,"mekanism:tin_ore":15,"minecraft:glass":4,"minecraft:cobblestone":34,"minecraft:oak_planks":6,"minecraft:wall_torch":8,"minecraft:deepslate_copper_ore":5,"minecraft:smooth_stone_slab":4,"minecraft:oak_log":38,"mekanism:lead_ore":18,"minecraft:dirt":5,"minecraft:stonecutter":1,"minecraft:oak_leaves":1,"minecraft:blue_stained_glass_pane":1,"minecraft:mossy_cobblestone":2,"projectvibrantjourneys:rocks":1,"minecraft:gray_stained_glass_pane":4,"minecraft:dark_oak_fence":2,"minecraft:spruce_leaves":9,"minecraft:sandstone":1,"minecraft:hay_block":7,"minecraft:light_blue_wall_banner":2,"minecraft:furnace":12,"minecraft:stripped_spruce_log":1,"minecraft:bookshelf":15,"minecraft:vine":1,"minecraft:lantern":1,"minecraft:stripped_oak_log":3,"minecraft:packed_ice":1,"minecraft:stone":372,"projectvibrantjourneys:icicle":1,"immersive_weathering:cryosol":2,"immersive_weathering:icicle":3,"minecraft:crafting_table":12,"minecraft:copper_ore":37,"minecraft:deepslate_coal_ore":2,"minecraft:diorite":3,"minecraft:blue_bed":2,"minecraft:cobblestone_wall":2,"minecraft:spruce_log":44,"k_turrets:titanium_ore":7,"minecraft:coal_ore":237,"minecraft:gravel":9,"minecraft:dripstone_block":3,"minecraft:cobweb":8,"minecraft:brown_terracotta":1,"minecraft:cracked_stone_bricks":9,"minecraft:terracotta":9,"minecraft:polished_blackstone":2,"minecraft:stone_bricks":9,"minecraft:mossy_stone_bricks":2,"minecraft:gold_ore":12},"minecraft:used":{"minecraft:light_blue_banner":2,"minecraft:spruce_slab":6,"minecraft:polished_blackstone":2,"minecraft:chest":10,"minecraft:shield":16,"minecraft:iron_sword":273,"minecraft:rotten_flesh":32,"minecraft:iron_chestplate":5,"minecraft:snowball":2,"minecraft:packed_ice":2,"rottencreatures:glacial_hunter_spawn_egg":1,"minecraft:quartz_block":4,"minecraft:iron_helmet":3,"minecraft:stone_bricks":2,"minecraft:repeater":8,"minecraft:snow":9,"minecraft:furnace":14,"minecraft:cooked_cod":1,"rottencreatures:frozen_rotten_flesh":10,"minecraft:diorite":3,"minecraft:stone_pickaxe":397,"minecraft:oak_planks":15,"minecraft:ender_pearl":2,"minecraft:wooden_pickaxe":61,"minecraft:blue_bed":1,"immersive_weathering:mossy_stone":1,"minecraft:light_gray_terracotta":3,"max_armory:copper_sword":40,"minecraft:dripstone_block":3,"minecraft:redstone_torch":1,"rottencreatures:treasure_chest":3,"minecraft:lever":3,"sophisticatedbackpacks:backpack":1,"minecraft:bread":34,"rottencreatures:tnt_barrel":1,"mutantmonsters:mutant_snow_golem_spawn_egg":1,"minecraft:diamond_sword":634,"minecraft:wooden_sword":28,"minecraft:smooth_stone_slab":5,"minecraft:experience_bottle":1,"minecraft:oak_trapdoor":1,"sophisticatedbackpacks:iron_backpack":2,"minecraft:stone_sword":116,"minecraft:redstone":10,"immersive_weathering:spruce_leaf_pile":1,"minecraft:cooked_chicken":1,"minecraft:torch":208,"minecraft:dirt":11,"minecraft:anvil":1,"minecraft:iron_axe":50,"minecraft:iron_boots":6,"minecraft:cooked_beef":10,"minecraft:iron_leggings":4,"minecraft:pointed_dripstone":4,"minecraft:cooked_mutton":1,"minecraft:water_bucket":10,"minecraft:snow_block":1,"minecraft:cracked_stone_bricks":13,"minecraft:polished_blackstone_bricks":2,"minecraft:terracotta":16,"minecraft:crafting_table":19,"minecraft:gray_terracotta":5,"minecraft:cracked_polished_blackstone_bricks":2,"minecraft:iron_pickaxe":507,"minecraft:spruce_sapling":1,"minecraft:stone_axe":100,"minecraft:cobblestone":102,"minecraft:cooked_porkchop":2,"minecraft:bucket":11,"alexsmobs:animal_dictionary":1},"minecraft:killed":{"minecraft:cave_spider":7,"minecraft:witch":1,"roamers:bandit":4,"alexsmobs:froststalker":7,"minecraft:chicken":2,"minecraft:zombie_villager":2,"rottencreatures:dead_beard":4,"rottencreatures:frostbitten":19,"rottencreatures:zombie_lackey":41,"minecraft:zombie":57,"minecraft:stray":7,"alexsmobs:fly":3,"rottencreatures:swampy":4,"minecraft:cow":2,"alexsmobs:seagull":1,"mutantmonsters:mutant_snow_golem":1,"rottencreatures:hunter_wolf":3,"alexsmobs:tusklin":4,"rottencreatures:undead_miner":14,"rottencreatures:glacial_hunter":3,"mutantmonsters:creeper_minion":3,"rottencreatures:skeleton_lackey":36,"alexsmobs:moose":1,"alexsmobs:crow":1,"minecraft:villager":1},"minecraft:crafted":{"minecraft:oak_planks":160,"minecraft:cooked_chicken":1,"max_armory:copper_sword":1,"minecraft:iron_boots":3,"minecraft:chest":6,"mekanism:ingot_tin":4,"minecraft:crafting_table":6,"minecraft:spruce_planks":256,"minecraft:wooden_pickaxe":2,"minecraft:iron_helmet":1,"minecraft:copper_ingot":8,"minecraft:iron_chestplate":3,"minecraft:shield":4,"minecraft:stick":164,"minecraft:iron_ingot":65,"minecraft:iron_pickaxe":4,"minecraft:iron_block":1,"minecraft:stone_sword":8,"minecraft:redstone_torch":1,"minecraft:furnace":4,"minecraft:oak_trapdoor":2,"minecraft:iron_axe":1,"minecraft:stone_pickaxe":4,"minecraft:wheat":63,"minecraft:iron_sword":2,"minecraft:bucket":2,"minecraft:stone_axe":2,"minecraft:bread":21,"minecraft:air":0,"minecraft:iron_leggings":1,"minecraft:torch":352},"minecraft:picked_up":{"rottencreatures:frozen_rotten_flesh":54,"minecraft:iron_chestplate":40,"minecraft:wheat":39,"minecraft:anvil":7,"minecraft:lead":5,"minecraft:diamond_sword":34,"minecraft:enchanted_book":17,"minecraft:string":151,"minecraft:raw_copper":996,"minecraft:smooth_stone_slab":11,"minecraft:iron_leggings":20,"minecraft:experience_bottle":13,"minecraft:gold_nugget":572,"minecraft:bucket":7,"minecraft:spruce_planks":252,"minecraft:redstone_torch":3,"minecraft:cobblestone_slab":6,"minecraft:iron_pickaxe":24,"minecraft:furnace":23,"minecraft:iron_boots":34,"farmersdelight:cabbage_seeds":42,"rottencreatures:treasure_chest":4,"minecraft:tipped_arrow":3,"minecraft:stick":271,"minecraft:brown_terracotta":12,"minecraft:torch":917,"minecraft:snow_block":1,"minecraft:porkchop":74,"minecraft:pointed_dripstone":16,"minecraft:diorite":9,"mekanism:raw_tin":93,"minecraft:quartz_block":4,"minecraft:stone_sword":22,"minecraft:rotten_flesh":659,"minecraft:iron_block":6,"farmersdelight:rope":99,"minecraft:white_terracotta":4,"minecraft:cod":3,"minecraft:snowball":205,"minecraft:cobblestone":1937,"immersive_weathering:mossy_stone":1,"minecraft:feather":12,"minecraft:cooked_beef":55,"minecraft:water_bucket":32,"minecraft:powder_snow_bucket":4,"minecraft:potato":32,"minecraft:flint":2,"minecraft:map":10,"minecraft:lapis_lazuli":113,"minecraft:dirt":136,"minecraft:lantern":7,"minecraft:leather_boots":3,"minecraft:bone":504,"minecraft:gray_terracotta":32,"minecraft:stonecutter":4,"minecraft:raw_gold":118,"minecraft:mossy_stone_bricks":12,"minecraft:diamond_helmet":8,"minecraft:oak_planks":572,"minecraft:cooked_porkchop":7,"minecraft:poisonous_potato":11,"minecraft:sand":1,"minecraft:stripped_spruce_log":1,"sophisticatedbackpacks:iron_backpack":6,"minecraft:barrel":4,"minecraft:mossy_cobblestone":7,"alexsmobs:animal_dictionary":2,"minecraft:light_gray_terracotta":6,"minecraft:diamond":22,"rottencreatures:tnt_barrel":14,"minecraft:cracked_polished_blackstone_bricks":2,"minecraft:blue_ice":8,"minecraft:emerald":110,"minecraft:golden_horse_armor":5,"alexsmobs:moose_ribs":18,"minecraft:bread":157,"alexsmobs:maggot":6,"minecraft:dark_oak_fence":7,"minecraft:fishing_rod":4,"minecraft:crafting_table":25,"minecraft:ladder":2,"minecraft:chicken":5,"minecraft:clay_ball":8,"minecraft:packed_ice":16,"minecraft:wooden_pickaxe":8,"minecraft:gold_block":4,"alexsmobs:froststalker_horn":11,"minecraft:shield":29,"minecraft:oak_trapdoor":3,"minecraft:iron_axe":26,"minecraft:wooden_sword":2,"minecraft:snow":13,"minecraft:item_frame":14,"minecraft:cracked_stone_bricks":39,"immersive_weathering:spruce_leaf_pile":1,"minecraft:beef":5,"minecraft:iron_nugget":373,"minecraft:spruce_slab":55,"minecraft:chest":9,"minecraft:diamond_hoe":3,"minecraft:raw_iron":193,"minecraft:sandstone":1,"minecraft:copper_ingot":113,"sophisticatedbackpacks:backpack":1,"minecraft:polished_blackstone_bricks":2,"minecraft:stone_button":2,"minecraft:carrot":2,"minecraft:redstone":20,"immersive_weathering:permafrost":57,"minecraft:brown_dye":14,"minecraft:tnt":60,"minecraft:arrow":5,"minecraft:cooked_cod":1,"k_turrets:raw_titanium":84,"minecraft:hay_block":7,"minecraft:gold_ingot":160,"minecraft:polished_blackstone":2,"minecraft:stripped_oak_log":3,"minecraft:glow_ink_sac":3,"mekanism:raw_lead":217,"projectvibrantjourneys:icicle":4,"minecraft:leather":53,"minecraft:filled_map":14,"minecraft:oak_log":37,"minecraft:gunpowder":152,"minecraft:cobblestone_wall":12,"minecraft:blue_bed":4,"minecraft:paper":34,"minecraft:cooked_mutton":1,"minecraft:red_carpet":50,"minecraft:light_blue_banner":2,"minecraft:apple":9,"minecraft:stone_bricks":92,"minecraft:iron_ingot":68,"minecraft:stone_pickaxe":15,"minecraft:glass_bottle":6,"minecraft:iron_sword":18,"minecraft:dark_oak_stairs":2,"minecraft:book":113,"minecraft:dripstone_block":34,"minecraft:gravel":30,"mekanism:ingot_tin":20,"minecraft:spruce_sapling":3,"minecraft:spruce_log":101,"mekanism:raw_osmium":149,"minecraft:spider_eye":35,"minecraft:pumpkin_seeds":4,"minecraft:slime_ball":9,"max_armory:copper_sword":8,"minecraft:stone_axe":24,"minecraft:iron_helmet":21,"mekanism:fluorite_gem":12,"minecraft:terracotta":132,"minecraft:coal":1500,"minecraft:ender_pearl":19},"minecraft:broken":{"minecraft:stone_pickaxe":2,"minecraft:iron_sword":1,"minecraft:stone_sword":1,"minecraft:iron_pickaxe":2,"minecraft:iron_helmet":1},"minecraft:dropped":{"minecraft:dark_oak_stairs":2,"minecraft:lapis_lazuli":9,"minecraft:ender_pearl":3,"minecraft:diamond":5,"minecraft:leather":16,"minecraft:cracked_stone_bricks":5,"max_armory:copper_sword":1,"minecraft:emerald":6,"minecraft:snowball":5,"minecraft:wooden_sword":1,"minecraft:iron_pickaxe":3,"minecraft:blue_bed":1,"minecraft:bone":10,"minecraft:gold_ingot":10,"minecraft:stone_axe":2,"minecraft:iron_nugget":39,"minecraft:wheat":13,"minecraft:rotten_flesh":197,"minecraft:oak_planks":216,"mekanism:raw_tin":10,"alexsmobs:froststalker_horn":2,"minecraft:gunpowder":32,"immersive_weathering:spruce_leaf_pile":1,"minecraft:chest":3,"farmersdelight:rope":15,"rottencreatures:frozen_rotten_flesh":9,"minecraft:enchanted_book":3,"minecraft:water_bucket":1,"minecraft:iron_ingot":14,"minecraft:bread":65,"minecraft:tnt":12,"minecraft:mossy_cobblestone":2,"minecraft:dripstone_block":4,"minecraft:lead":1,"minecraft:cobblestone":62,"minecraft:book":21,"minecraft:apple":3,"minecraft:copper_ingot":10,"minecraft:grass_block":1,"minecraft:coal":133,"minecraft:stick":40,"minecraft:torch":1,"minecraft:diamond_helmet":4,"minecraft:iron_leggings":1,"minecraft:string":3,"minecraft:bucket":2,"minecraft:redstone":3,"minecraft:snow_block":1,"minecraft:furnace":2,"minecraft:anvil":1,"minecraft:brown_dye":4,"minecraft:stone_sword":2,"minecraft:cobblestone_wall":1,"minecraft:raw_copper":70,"minecraft:experience_bottle":2,"farmersdelight:cabbage_seeds":25,"minecraft:iron_boots":2,"minecraft:pumpkin_seeds":2,"minecraft:diamond_sword":4,"minecraft:snow":14,"minecraft:shield":3,"minecraft:powder_snow_bucket":1,"minecraft:spruce_planks":45,"minecraft:iron_chestplate":4,"minecraft:mossy_stone_bricks":3,"minecraft:blue_ice":2,"minecraft:barrel":2,"minecraft:stone_bricks":20,"minecraft:spruce_log":2,"minecraft:stone_pickaxe":4,"minecraft:wooden_pickaxe":1,"minecraft:raw_gold":18},"minecraft:killed_by":{"alexsmobs:tusklin":8,"mutantmonsters:mutant_creeper":1,"rottencreatures:dead_beard":1,"mutantmonsters:creeper_minion":1,"minecraft:zombie":9,"rottencreatures:skeleton_lackey":4,"rottencreatures:undead_miner":6,"minecraft:player":5,"minecraft:stray":2,"rottencreatures:zombie_lackey":15,"rottencreatures:swampy":2,"mutantmonsters:mutant_skeleton":1}},"DataVersion":2975}