{"stats":{"minecraft:crafted":{"minecraft:oak_planks":160,"max_armory:copper_sword":1,"minecraft:furnace":3,"minecraft:iron_boots":2,"minecraft:stone_pickaxe":4,"minecraft:chest":4,"mekanism:ingot_tin":4,"minecraft:crafting_table":5,"minecraft:spruce_planks":120,"minecraft:wooden_pickaxe":2,"minecraft:iron_helmet":1,"minecraft:iron_sword":2,"minecraft:copper_ingot":8,"minecraft:bucket":2,"minecraft:stone_axe":2,"minecraft:air":0,"minecraft:iron_chestplate":2,"minecraft:shield":3,"minecraft:stick":112,"minecraft:iron_ingot":51,"minecraft:iron_pickaxe":3,"minecraft:redstone_torch":1,"minecraft:stone_sword":8,"minecraft:iron_leggings":1,"minecraft:torch":320},"minecraft:custom":{"minecraft:mob_kills":86,"minecraft:interact_with_crafting_table":50,"minecraft:open_barrel":1,"minecraft:damage_dealt_resisted":869,"minecraft:leave_game":3,"minecraft:time_since_death":0,"minecraft:climb_one_cm":9813,"minecraft:sprint_one_cm":431828,"minecraft:walk_one_cm":475087,"minecraft:damage_blocked_by_shield":370,"minecraft:drop":171,"minecraft:damage_dealt_absorbed":82,"minecraft:play_time":191003,"minecraft:deaths":33,"minecraft:sneak_time":5054,"minecraft:walk_under_water_one_cm":3207,"minecraft:jump":2438,"minecraft:walk_on_water_one_cm":12184,"minecraft:total_world_time":191229,"minecraft:interact_with_furnace":68,"minecraft:time_since_rest":66,"minecraft:damage_taken":10807,"minecraft:damage_dealt":23675,"minecraft:player_kills":1,"minecraft:swim_one_cm":4186,"minecraft:fly_one_cm":664815,"minecraft:open_chest":43,"minecraft:crouch_one_cm":15162,"minecraft:fall_one_cm":45987},"minecraft:killed_by":{"minecraft:player":5,"minecraft:stray":1,"rottencreatures:zombie_lackey":4,"alexsmobs:tusklin":2,"rottencreatures:swampy":2,"mutantmonsters:mutant_skeleton":1,"minecraft:zombie":6,"rottencreatures:skeleton_lackey":1,"rottencreatures:undead_miner":6},"minecraft:killed":{"minecraft:cave_spider":7,"alexsmobs:froststalker":4,"mutantmonsters:mutant_snow_golem":1,"rottencreatures:undead_miner":11,"rottencreatures:dead_beard":2,"rottencreatures:frostbitten":6,"rottencreatures:zombie_lackey":13,"rottencreatures:glacial_hunter":1,"mutantmonsters:creeper_minion":3,"minecraft:zombie":19,"minecraft:stray":5,"rottencreatures:skeleton_lackey":11,"alexsmobs:fly":1,"rottencreatures:swampy":4,"minecraft:cow":2},"minecraft:mined":{"minecraft:spruce_planks":2,"minecraft:mossy_cobblestone":2,"immersive_weathering:frost":1,"projectvibrantjourneys:rocks":1,"minecraft:spruce_leaves":6,"minecraft:sandstone":1,"minecraft:spawner":2,"minecraft:furnace":8,"immersive_weathering:mossy_stone":1,"minecraft:iron_ore":37,"minecraft:anvil":1,"minecraft:bookshelf":7,"minecraft:pointed_dripstone":4,"minecraft:vine":1,"minecraft:packed_ice":1,"minecraft:stripped_oak_log":3,"minecraft:stone":355,"immersive_weathering:cryosol":2,"immersive_weathering:frosty_glass":1,"mekanism:osmium_ore":15,"immersive_weathering:icicle":2,"immersive_weathering:spruce_leaf_pile":13,"minecraft:powder_snow":6,"minecraft:crafting_table":9,"minecraft:torch":8,"minecraft:chest":1,"minecraft:dead_bush":3,"mekanism:tin_ore":15,"minecraft:glass":3,"minecraft:copper_ore":37,"minecraft:cobblestone":33,"minecraft:deepslate_coal_ore":2,"minecraft:oak_planks":2,"minecraft:diorite":3,"minecraft:wall_torch":8,"minecraft:deepslate_copper_ore":5,"minecraft:cobblestone_wall":1,"minecraft:spruce_log":29,"k_turrets:titanium_ore":7,"minecraft:oak_log":38,"minecraft:coal_ore":229,"mekanism:lead_ore":18,"minecraft:gravel":9,"minecraft:dripstone_block":3,"minecraft:dirt":3,"minecraft:cobweb":3,"minecraft:cracked_stone_bricks":6,"minecraft:terracotta":7,"minecraft:stone_bricks":6,"minecraft:mossy_stone_bricks":2,"minecraft:gold_ore":12,"minecraft:oak_leaves":1},"minecraft:used":{"minecraft:stone_sword":115,"minecraft:redstone":10,"minecraft:chest":5,"minecraft:shield":14,"minecraft:iron_sword":258,"immersive_weathering:spruce_leaf_pile":1,"minecraft:rotten_flesh":17,"minecraft:iron_chestplate":2,"minecraft:torch":203,"minecraft:dirt":7,"rottencreatures:glacial_hunter_spawn_egg":1,"minecraft:iron_helmet":2,"minecraft:iron_boots":3,"minecraft:repeater":8,"minecraft:snow":9,"minecraft:cooked_cod":1,"minecraft:furnace":12,"rottencreatures:frozen_rotten_flesh":8,"minecraft:cooked_beef":2,"minecraft:iron_leggings":1,"minecraft:pointed_dripstone":4,"minecraft:water_bucket":2,"minecraft:diorite":3,"minecraft:snow_block":1,"minecraft:stone_pickaxe":397,"minecraft:ender_pearl":1,"minecraft:wooden_pickaxe":61,"minecraft:cracked_stone_bricks":10,"minecraft:terracotta":14,"immersive_weathering:mossy_stone":1,"minecraft:crafting_table":15,"minecraft:light_gray_terracotta":3,"max_armory:copper_sword":40,"minecraft:redstone_torch":1,"rottencreatures:treasure_chest":1,"minecraft:lever":3,"rottencreatures:tnt_barrel":1,"minecraft:bread":8,"minecraft:iron_pickaxe":422,"minecraft:spruce_sapling":1,"mutantmonsters:mutant_snow_golem_spawn_egg":1,"minecraft:stone_axe":96,"minecraft:diamond_sword":74,"minecraft:wooden_sword":28,"minecraft:cobblestone":97,"minecraft:cooked_porkchop":2,"minecraft:bucket":3,"alexsmobs:animal_dictionary":1,"minecraft:experience_bottle":1},"minecraft:dropped":{"minecraft:water_bucket":1,"minecraft:enchanted_book":2,"minecraft:iron_ingot":2,"minecraft:bread":65,"minecraft:lapis_lazuli":9,"minecraft:tnt":12,"minecraft:mossy_cobblestone":2,"minecraft:ender_pearl":3,"minecraft:diamond":5,"minecraft:dripstone_block":4,"minecraft:book":21,"minecraft:cobblestone":54,"minecraft:leather":10,"minecraft:cracked_stone_bricks":5,"minecraft:copper_ingot":10,"max_armory:copper_sword":1,"minecraft:grass_block":1,"minecraft:coal":127,"minecraft:emerald":6,"minecraft:torch":1,"minecraft:snowball":4,"minecraft:diamond_helmet":3,"minecraft:wooden_sword":1,"minecraft:iron_pickaxe":3,"minecraft:bucket":2,"minecraft:bone":10,"minecraft:redstone":3,"minecraft:gold_ingot":10,"minecraft:snow_block":1,"minecraft:anvil":1,"minecraft:furnace":1,"minecraft:stone_axe":1,"minecraft:brown_dye":4,"minecraft:stone_sword":2,"minecraft:raw_copper":70,"minecraft:rotten_flesh":6,"minecraft:oak_planks":216,"minecraft:iron_boots":2,"mekanism:raw_tin":10,"alexsmobs:froststalker_horn":2,"minecraft:diamond_sword":3,"minecraft:snow":14,"minecraft:shield":2,"minecraft:gunpowder":24,"minecraft:powder_snow_bucket":1,"immersive_weathering:spruce_leaf_pile":1,"minecraft:spruce_planks":45,"minecraft:iron_chestplate":3,"minecraft:blue_ice":2,"farmersdelight:rope":15,"minecraft:mossy_stone_bricks":3,"rottencreatures:frozen_rotten_flesh":4,"minecraft:stone_bricks":20,"minecraft:spruce_log":2,"minecraft:wooden_pickaxe":1,"minecraft:stone_pickaxe":4,"minecraft:raw_gold":18},"minecraft:broken":{"minecraft:stone_pickaxe":2,"minecraft:iron_sword":1,"minecraft:iron_pickaxe":2},"minecraft:picked_up":{"rottencreatures:frozen_rotten_flesh":26,"minecraft:crafting_table":20,"minecraft:iron_chestplate":19,"minecraft:anvil":6,"minecraft:packed_ice":8,"minecraft:diamond_sword":8,"minecraft:wooden_pickaxe":8,"minecraft:enchanted_book":16,"alexsmobs:froststalker_horn":5,"minecraft:shield":17,"minecraft:string":120,"minecraft:raw_copper":996,"minecraft:wooden_sword":2,"minecraft:snow":13,"minecraft:iron_leggings":13,"minecraft:experience_bottle":1,"minecraft:cracked_stone_bricks":36,"minecraft:gold_nugget":100,"minecraft:bucket":7,"minecraft:spruce_planks":252,"immersive_weathering:spruce_leaf_pile":1,"minecraft:beef":5,"minecraft:redstone_torch":3,"minecraft:iron_nugget":129,"minecraft:iron_pickaxe":12,"minecraft:chest":1,"rottencreatures:treasure_chest":1,"minecraft:iron_boots":15,"minecraft:furnace":18,"minecraft:tipped_arrow":3,"minecraft:stick":111,"minecraft:raw_iron":183,"minecraft:sandstone":1,"minecraft:brown_terracotta":11,"minecraft:copper_ingot":107,"minecraft:torch":676,"minecraft:porkchop":5,"minecraft:snow_block":1,"minecraft:pointed_dripstone":16,"minecraft:diorite":9,"immersive_weathering:permafrost":3,"minecraft:carrot":2,"minecraft:redstone":20,"minecraft:brown_dye":14,"mekanism:raw_tin":93,"minecraft:tnt":60,"minecraft:arrow":3,"minecraft:stone_sword":12,"minecraft:rotten_flesh":175,"minecraft:cooked_cod":1,"k_turrets:raw_titanium":84,"farmersdelight:rope":95,"minecraft:gold_ingot":30,"minecraft:white_terracotta":4,"minecraft:cod":2,"minecraft:snowball":127,"minecraft:cobblestone":1871,"minecraft:stripped_oak_log":3,"minecraft:glow_ink_sac":3,"immersive_weathering:mossy_stone":1,"minecraft:cooked_beef":2,"mekanism:raw_lead":217,"minecraft:water_bucket":12,"minecraft:leather":42,"minecraft:powder_snow_bucket":4,"minecraft:filled_map":10,"minecraft:flint":2,"minecraft:oak_log":37,"minecraft:cobblestone_wall":7,"minecraft:gunpowder":108,"minecraft:lapis_lazuli":45,"minecraft:dirt":42,"minecraft:leather_boots":3,"minecraft:bone":236,"minecraft:stone_bricks":89,"minecraft:raw_gold":115,"minecraft:stone_pickaxe":15,"minecraft:iron_ingot":26,"minecraft:mossy_stone_bricks":12,"minecraft:diamond_helmet":5,"minecraft:iron_sword":13,"minecraft:oak_planks":546,"minecraft:book":84,"minecraft:cooked_porkchop":7,"minecraft:poisonous_potato":9,"minecraft:dripstone_block":34,"minecraft:gravel":30,"minecraft:sand":1,"mekanism:ingot_tin":20,"minecraft:spruce_sapling":2,"minecraft:spruce_log":32,"alexsmobs:animal_dictionary":2,"mekanism:raw_osmium":149,"minecraft:spider_eye":26,"minecraft:mossy_cobblestone":7,"minecraft:light_gray_terracotta":6,"rottencreatures:tnt_barrel":5,"minecraft:slime_ball":5,"max_armory:copper_sword":8,"minecraft:diamond":16,"minecraft:stone_axe":21,"minecraft:iron_helmet":16,"minecraft:blue_ice":8,"mekanism:fluorite_gem":12,"minecraft:golden_horse_armor":2,"minecraft:emerald":29,"minecraft:bread":14,"minecraft:terracotta":130,"minecraft:coal":1377,"minecraft:ender_pearl":12}},"DataVersion":2975}