{"stats":{"minecraft:crafted":{"minecraft:oak_planks":160,"minecraft:cooked_chicken":1,"max_armory:copper_sword":1,"minecraft:furnace":3,"minecraft:iron_boots":3,"minecraft:iron_axe":1,"minecraft:stone_pickaxe":4,"minecraft:chest":4,"mekanism:ingot_tin":4,"minecraft:crafting_table":5,"minecraft:spruce_planks":148,"minecraft:wooden_pickaxe":2,"minecraft:iron_helmet":1,"minecraft:iron_sword":2,"minecraft:copper_ingot":8,"minecraft:bucket":2,"minecraft:stone_axe":2,"minecraft:air":0,"minecraft:iron_chestplate":3,"minecraft:shield":3,"minecraft:stick":116,"minecraft:iron_ingot":64,"minecraft:iron_pickaxe":4,"minecraft:redstone_torch":1,"minecraft:stone_sword":8,"minecraft:iron_leggings":1,"minecraft:torch":320},"minecraft:custom":{"minecraft:mob_kills":118,"minecraft:interact_with_crafting_table":59,"minecraft:open_barrel":2,"minecraft:damage_dealt_resisted":1381,"minecraft:leave_game":3,"minecraft:time_since_death":7133,"minecraft:climb_one_cm":23567,"minecraft:sprint_one_cm":599119,"minecraft:walk_one_cm":577843,"minecraft:damage_blocked_by_shield":400,"minecraft:drop":174,"minecraft:damage_dealt_absorbed":122,"minecraft:play_time":227003,"minecraft:deaths":37,"minecraft:sneak_time":6765,"minecraft:walk_under_water_one_cm":3207,"minecraft:jump":2792,"minecraft:walk_on_water_one_cm":12184,"minecraft:total_world_time":227229,"minecraft:interact_with_furnace":82,"minecraft:time_since_rest":7161,"minecraft:damage_taken":12127,"minecraft:damage_dealt":31351,"minecraft:player_kills":1,"minecraft:swim_one_cm":4186,"minecraft:fly_one_cm":961831,"minecraft:open_chest":81,"minecraft:crouch_one_cm":22200,"minecraft:fall_one_cm":48932},"minecraft:killed_by":{"minecraft:player":5,"minecraft:stray":1,"rottencreatures:zombie_lackey":5,"alexsmobs:tusklin":2,"rottencreatures:swampy":2,"mutantmonsters:mutant_skeleton":1,"minecraft:zombie":8,"rottencreatures:skeleton_lackey":2,"rottencreatures:undead_miner":6},"minecraft:killed":{"minecraft:cave_spider":7,"minecraft:witch":1,"alexsmobs:froststalker":7,"minecraft:chicken":1,"mutantmonsters:mutant_snow_golem":1,"alexsmobs:tusklin":2,"rottencreatures:undead_miner":11,"rottencreatures:dead_beard":4,"rottencreatures:frostbitten":7,"rottencreatures:zombie_lackey":16,"rottencreatures:glacial_hunter":1,"mutantmonsters:creeper_minion":3,"minecraft:zombie":27,"minecraft:stray":5,"rottencreatures:skeleton_lackey":15,"alexsmobs:fly":1,"rottencreatures:swampy":4,"minecraft:cow":2},"minecraft:mined":{"minecraft:spruce_planks":2,"minecraft:blue_stained_glass_pane":1,"minecraft:mossy_cobblestone":2,"immersive_weathering:frost":1,"projectvibrantjourneys:rocks":1,"minecraft:gray_stained_glass_pane":4,"minecraft:cracked_polished_blackstone_bricks":2,"minecraft:spruce_leaves":7,"minecraft:sandstone":1,"minecraft:spawner":7,"minecraft:light_blue_stained_glass":2,"minecraft:polished_blackstone_bricks":2,"minecraft:furnace":9,"immersive_weathering:mossy_stone":1,"minecraft:iron_ore":37,"minecraft:anvil":1,"minecraft:bookshelf":15,"minecraft:pointed_dripstone":4,"minecraft:vine":1,"minecraft:packed_ice":1,"minecraft:stripped_oak_log":3,"minecraft:stone":356,"projectvibrantjourneys:icicle":1,"immersive_weathering:cryosol":2,"immersive_weathering:frosty_glass":1,"mekanism:osmium_ore":15,"minecraft:quartz_block":4,"immersive_weathering:icicle":2,"minecraft:cyan_terracotta":1,"immersive_weathering:spruce_leaf_pile":13,"minecraft:powder_snow":6,"minecraft:crafting_table":10,"minecraft:torch":8,"minecraft:chest":3,"minecraft:dead_bush":3,"mekanism:tin_ore":15,"minecraft:glass":4,"minecraft:copper_ore":37,"minecraft:cobblestone":34,"minecraft:deepslate_coal_ore":2,"minecraft:oak_planks":2,"minecraft:diorite":3,"minecraft:wall_torch":8,"minecraft:deepslate_copper_ore":5,"minecraft:cobblestone_wall":1,"minecraft:spruce_log":36,"k_turrets:titanium_ore":7,"minecraft:oak_log":38,"minecraft:coal_ore":229,"mekanism:lead_ore":18,"minecraft:gravel":9,"minecraft:dripstone_block":3,"minecraft:dirt":3,"minecraft:cobweb":5,"minecraft:cracked_stone_bricks":9,"minecraft:polished_blackstone":2,"minecraft:terracotta":7,"minecraft:stone_bricks":8,"minecraft:mossy_stone_bricks":2,"minecraft:gold_ore":12,"minecraft:oak_leaves":1},"minecraft:used":{"minecraft:stone_sword":115,"minecraft:polished_blackstone":2,"minecraft:redstone":10,"minecraft:chest":6,"minecraft:shield":15,"minecraft:iron_sword":258,"immersive_weathering:spruce_leaf_pile":1,"minecraft:cooked_chicken":1,"minecraft:rotten_flesh":31,"minecraft:iron_chestplate":3,"minecraft:torch":206,"minecraft:dirt":7,"minecraft:anvil":1,"rottencreatures:glacial_hunter_spawn_egg":1,"minecraft:iron_axe":21,"minecraft:quartz_block":2,"minecraft:iron_helmet":3,"minecraft:iron_boots":4,"minecraft:repeater":8,"minecraft:snow":9,"minecraft:cooked_cod":1,"minecraft:furnace":13,"rottencreatures:frozen_rotten_flesh":10,"minecraft:cooked_beef":2,"minecraft:iron_leggings":3,"minecraft:pointed_dripstone":4,"minecraft:water_bucket":2,"minecraft:diorite":3,"minecraft:snow_block":1,"minecraft:stone_pickaxe":397,"minecraft:ender_pearl":1,"minecraft:wooden_pickaxe":61,"minecraft:polished_blackstone_bricks":2,"minecraft:cracked_stone_bricks":11,"minecraft:terracotta":14,"immersive_weathering:mossy_stone":1,"minecraft:crafting_table":16,"minecraft:light_gray_terracotta":3,"max_armory:copper_sword":40,"minecraft:dripstone_block":3,"minecraft:redstone_torch":1,"rottencreatures:treasure_chest":3,"minecraft:lever":3,"minecraft:cracked_polished_blackstone_bricks":2,"rottencreatures:tnt_barrel":1,"minecraft:bread":8,"minecraft:iron_pickaxe":451,"minecraft:spruce_sapling":1,"mutantmonsters:mutant_snow_golem_spawn_egg":1,"minecraft:stone_axe":96,"minecraft:diamond_sword":220,"minecraft:wooden_sword":28,"minecraft:cobblestone":101,"minecraft:cooked_porkchop":2,"minecraft:bucket":3,"alexsmobs:animal_dictionary":1,"minecraft:experience_bottle":1},"minecraft:dropped":{"minecraft:water_bucket":1,"minecraft:enchanted_book":2,"minecraft:iron_ingot":2,"minecraft:bread":65,"minecraft:lapis_lazuli":9,"minecraft:tnt":12,"minecraft:mossy_cobblestone":2,"minecraft:ender_pearl":3,"minecraft:diamond":5,"minecraft:dripstone_block":4,"minecraft:book":21,"minecraft:cobblestone":54,"minecraft:leather":14,"minecraft:cracked_stone_bricks":5,"minecraft:copper_ingot":10,"max_armory:copper_sword":1,"minecraft:grass_block":1,"minecraft:coal":127,"minecraft:emerald":6,"minecraft:torch":1,"minecraft:snowball":4,"minecraft:diamond_helmet":3,"minecraft:wooden_sword":1,"minecraft:iron_pickaxe":3,"minecraft:bucket":2,"minecraft:bone":10,"minecraft:redstone":3,"minecraft:gold_ingot":10,"minecraft:snow_block":1,"minecraft:anvil":1,"minecraft:furnace":1,"minecraft:stone_axe":1,"minecraft:brown_dye":4,"minecraft:iron_nugget":39,"minecraft:stone_sword":2,"minecraft:raw_copper":70,"minecraft:rotten_flesh":6,"minecraft:oak_planks":216,"minecraft:iron_boots":2,"mekanism:raw_tin":10,"alexsmobs:froststalker_horn":2,"minecraft:diamond_sword":3,"minecraft:snow":14,"minecraft:shield":2,"minecraft:gunpowder":24,"minecraft:powder_snow_bucket":1,"immersive_weathering:spruce_leaf_pile":1,"minecraft:spruce_planks":45,"minecraft:chest":1,"minecraft:iron_chestplate":3,"minecraft:blue_ice":2,"farmersdelight:rope":15,"minecraft:mossy_stone_bricks":3,"rottencreatures:frozen_rotten_flesh":4,"minecraft:stone_bricks":20,"minecraft:spruce_log":2,"minecraft:wooden_pickaxe":1,"minecraft:stone_pickaxe":4,"minecraft:raw_gold":18},"minecraft:broken":{"minecraft:stone_pickaxe":2,"minecraft:iron_sword":1,"minecraft:iron_pickaxe":2},"minecraft:picked_up":{"rottencreatures:frozen_rotten_flesh":30,"minecraft:crafting_table":22,"minecraft:iron_chestplate":20,"minecraft:chicken":3,"minecraft:anvil":6,"minecraft:packed_ice":8,"minecraft:diamond_sword":13,"minecraft:wooden_pickaxe":8,"minecraft:enchanted_book":16,"alexsmobs:froststalker_horn":6,"minecraft:shield":22,"minecraft:iron_axe":1,"minecraft:string":128,"minecraft:raw_copper":996,"minecraft:wooden_sword":2,"minecraft:snow":13,"minecraft:iron_leggings":18,"minecraft:experience_bottle":2,"minecraft:cracked_stone_bricks":39,"minecraft:gold_nugget":197,"minecraft:bucket":7,"minecraft:spruce_planks":252,"immersive_weathering:spruce_leaf_pile":1,"minecraft:beef":5,"minecraft:redstone_torch":3,"minecraft:iron_nugget":287,"minecraft:iron_pickaxe":13,"minecraft:chest":3,"rottencreatures:treasure_chest":4,"minecraft:iron_boots":16,"minecraft:furnace":19,"minecraft:tipped_arrow":3,"minecraft:stick":111,"minecraft:raw_iron":183,"minecraft:sandstone":1,"minecraft:brown_terracotta":11,"minecraft:copper_ingot":107,"minecraft:torch":696,"minecraft:porkchop":16,"minecraft:snow_block":1,"minecraft:polished_blackstone_bricks":2,"minecraft:pointed_dripstone":16,"minecraft:diorite":9,"immersive_weathering:permafrost":3,"minecraft:carrot":2,"minecraft:redstone":20,"minecraft:brown_dye":14,"mekanism:raw_tin":93,"minecraft:quartz_block":4,"minecraft:tnt":60,"minecraft:arrow":3,"minecraft:stone_sword":12,"minecraft:rotten_flesh":244,"minecraft:cooked_cod":1,"k_turrets:raw_titanium":84,"farmersdelight:rope":95,"minecraft:polished_blackstone":2,"minecraft:gold_ingot":61,"minecraft:white_terracotta":4,"minecraft:cod":2,"minecraft:snowball":130,"minecraft:cobblestone":1876,"projectvibrantjourneys:icicle":4,"minecraft:stripped_oak_log":3,"minecraft:glow_ink_sac":3,"immersive_weathering:mossy_stone":1,"minecraft:cooked_beef":2,"mekanism:raw_lead":217,"minecraft:water_bucket":13,"minecraft:leather":42,"minecraft:powder_snow_bucket":4,"minecraft:filled_map":10,"minecraft:flint":2,"minecraft:oak_log":37,"minecraft:cobblestone_wall":7,"minecraft:gunpowder":111,"minecraft:paper":14,"minecraft:lapis_lazuli":65,"minecraft:dirt":42,"minecraft:leather_boots":3,"minecraft:bone":305,"minecraft:stone_bricks":91,"minecraft:raw_gold":115,"minecraft:stone_pickaxe":15,"minecraft:iron_ingot":32,"minecraft:mossy_stone_bricks":12,"minecraft:diamond_helmet":5,"minecraft:glass_bottle":1,"minecraft:iron_sword":13,"minecraft:oak_planks":546,"minecraft:book":108,"minecraft:cooked_porkchop":7,"minecraft:poisonous_potato":9,"minecraft:dripstone_block":34,"minecraft:gravel":30,"minecraft:sand":1,"mekanism:ingot_tin":20,"minecraft:spruce_sapling":2,"minecraft:spruce_log":39,"alexsmobs:animal_dictionary":2,"mekanism:raw_osmium":149,"minecraft:spider_eye":26,"minecraft:mossy_cobblestone":7,"minecraft:light_gray_terracotta":6,"rottencreatures:tnt_barrel":8,"minecraft:slime_ball":5,"max_armory:copper_sword":8,"minecraft:diamond":17,"minecraft:stone_axe":21,"minecraft:cracked_polished_blackstone_bricks":2,"minecraft:iron_helmet":21,"minecraft:blue_ice":8,"mekanism:fluorite_gem":12,"minecraft:golden_horse_armor":2,"minecraft:emerald":33,"minecraft:bread":14,"minecraft:terracotta":130,"minecraft:coal":1377,"minecraft:ender_pearl":12}},"DataVersion":2975}