{"stats":{"minecraft:killed":{"minecraft:zombie":1},"minecraft:mined":{"minecraft:oak_log":1,"byg:orchard_leaves":4,"byg:ripe_orchard_leaves":1},"minecraft:killed_by":{"minecraft:zombie":2},"minecraft:picked_up":{"minecraft:rotten_flesh":2,"minecraft:apple":2,"minecraft:oak_log":1,"minecraft:spider_eye":1},"minecraft:used":{"minecraft:wooden_sword":15,"minecraft:shield":1},"minecraft:custom":{"minecraft:time_since_rest":54,"minecraft:deaths":2,"minecraft:crouch_one_cm":4668,"minecraft:damage_blocked_by_shield":30,"minecraft:sprint_one_cm":150,"minecraft:play_time":2465,"minecraft:damage_taken":398,"minecraft:walk_one_cm":2419,"minecraft:sneak_time":1283,"minecraft:mob_kills":4,"minecraft:jump":20,"minecraft:damage_dealt":571,"minecraft:leave_game":2,"minecraft:time_since_death":0,"minecraft:total_world_time":4198,"minecraft:fall_one_cm":954,"minecraft:fly_one_cm":1084}},"DataVersion":2975}