{"stats":{"minecraft:broken":{"minecraft:stone_pickaxe":2},"minecraft:dropped":{"minecraft:bread":65,"minecraft:leather":3,"minecraft:grass_block":1,"minecraft:coal":13,"minecraft:torch":1,"minecraft:wooden_sword":1,"minecraft:iron_pickaxe":1,"minecraft:snow_block":1,"minecraft:stone_sword":1,"minecraft:diamond_sword":1,"minecraft:snow":14,"minecraft:shield":2,"immersive_weathering:spruce_leaf_pile":1,"minecraft:spruce_planks":45,"minecraft:iron_chestplate":1,"minecraft:spruce_log":2,"minecraft:stone_pickaxe":1,"minecraft:wooden_pickaxe":1},"minecraft:custom":{"minecraft:mob_kills":19,"minecraft:interact_with_crafting_table":30,"minecraft:open_barrel":1,"minecraft:damage_dealt_resisted":76,"minecraft:leave_game":3,"minecraft:time_since_death":5143,"minecraft:climb_one_cm":208,"minecraft:sprint_one_cm":243495,"minecraft:walk_one_cm":265988,"minecraft:damage_blocked_by_shield":120,"minecraft:drop":97,"minecraft:damage_dealt_absorbed":40,"minecraft:play_time":101830,"minecraft:deaths":13,"minecraft:sneak_time":2646,"minecraft:walk_under_water_one_cm":2680,"minecraft:jump":1243,"minecraft:walk_on_water_one_cm":8624,"minecraft:total_world_time":102056,"minecraft:interact_with_furnace":47,"minecraft:time_since_rest":5174,"minecraft:damage_taken":4599,"minecraft:damage_dealt":7905,"minecraft:fly_one_cm":492233,"minecraft:swim_one_cm":3766,"minecraft:player_kills":1,"minecraft:open_chest":1,"minecraft:crouch_one_cm":7892,"minecraft:fall_one_cm":21839},"minecraft:killed":{"minecraft:cave_spider":3,"mutantmonsters:mutant_snow_golem":1,"rottencreatures:undead_miner":6,"minecraft:zombie":7,"minecraft:cow":2},"minecraft:mined":{"minecraft:spruce_planks":2,"minecraft:mossy_cobblestone":1,"immersive_weathering:frost":1,"projectvibrantjourneys:rocks":1,"minecraft:spruce_leaves":5,"minecraft:furnace":4,"minecraft:iron_ore":29,"minecraft:stripped_oak_log":2,"minecraft:stone":191,"immersive_weathering:cryosol":2,"mekanism:osmium_ore":9,"immersive_weathering:icicle":2,"immersive_weathering:spruce_leaf_pile":13,"minecraft:powder_snow":6,"minecraft:crafting_table":6,"minecraft:torch":7,"minecraft:dead_bush":1,"mekanism:tin_ore":12,"minecraft:copper_ore":37,"minecraft:cobblestone":4,"minecraft:deepslate_coal_ore":2,"minecraft:diorite":3,"minecraft:wall_torch":6,"minecraft:deepslate_copper_ore":5,"minecraft:spruce_log":29,"k_turrets:titanium_ore":7,"minecraft:coal_ore":178,"minecraft:oak_log":7,"mekanism:lead_ore":6,"minecraft:dirt":2,"minecraft:gravel":9,"minecraft:dripstone_block":2,"minecraft:stone_bricks":4,"minecraft:mossy_stone_bricks":2},"minecraft:picked_up":{"minecraft:iron_chestplate":1,"minecraft:crafting_table":9,"minecraft:diamond_sword":1,"minecraft:wooden_pickaxe":5,"minecraft:enchanted_book":3,"minecraft:shield":5,"minecraft:string":4,"minecraft:raw_copper":211,"minecraft:wooden_sword":2,"minecraft:snow":13,"minecraft:spruce_planks":250,"immersive_weathering:spruce_leaf_pile":1,"minecraft:beef":5,"minecraft:iron_pickaxe":1,"minecraft:furnace":5,"minecraft:stick":4,"minecraft:raw_iron":47,"minecraft:copper_ingot":24,"minecraft:torch":190,"minecraft:snow_block":1,"minecraft:diorite":9,"mekanism:raw_tin":18,"minecraft:stone_sword":2,"minecraft:rotten_flesh":17,"k_turrets:raw_titanium":28,"minecraft:snowball":16,"minecraft:cobblestone":367,"minecraft:stripped_oak_log":2,"minecraft:cooked_beef":2,"mekanism:raw_lead":6,"minecraft:leather":3,"minecraft:filled_map":3,"minecraft:flint":2,"minecraft:oak_log":7,"minecraft:gunpowder":2,"minecraft:dirt":6,"minecraft:leather_boots":3,"minecraft:bone":10,"minecraft:stone_bricks":4,"minecraft:raw_gold":3,"minecraft:stone_pickaxe":10,"minecraft:iron_ingot":1,"minecraft:mossy_stone_bricks":5,"minecraft:iron_sword":1,"minecraft:oak_planks":32,"minecraft:dripstone_block":5,"minecraft:gravel":30,"mekanism:ingot_tin":8,"minecraft:spruce_sapling":2,"minecraft:spruce_log":32,"alexsmobs:animal_dictionary":2,"mekanism:raw_osmium":14,"minecraft:mossy_cobblestone":5,"minecraft:slime_ball":1,"max_armory:copper_sword":3,"minecraft:stone_axe":9,"minecraft:iron_helmet":1,"minecraft:bread":14,"minecraft:coal":344,"minecraft:ender_pearl":2},"minecraft:used":{"minecraft:stone_sword":110,"minecraft:redstone":10,"minecraft:shield":6,"minecraft:iron_sword":25,"immersive_weathering:spruce_leaf_pile":1,"minecraft:rotten_flesh":5,"minecraft:torch":125,"minecraft:dirt":4,"rottencreatures:glacial_hunter_spawn_egg":1,"minecraft:iron_helmet":1,"minecraft:repeater":8,"minecraft:snow":9,"minecraft:furnace":6,"minecraft:cooked_beef":2,"minecraft:diorite":3,"minecraft:snow_block":1,"minecraft:stone_pickaxe":397,"minecraft:wooden_pickaxe":28,"minecraft:crafting_table":10,"max_armory:copper_sword":38,"minecraft:lever":3,"minecraft:bread":8,"minecraft:iron_pickaxe":91,"minecraft:spruce_sapling":1,"mutantmonsters:mutant_snow_golem_spawn_egg":1,"minecraft:stone_axe":51,"minecraft:wooden_sword":28,"minecraft:cobblestone":22,"alexsmobs:animal_dictionary":1},"minecraft:killed_by":{"minecraft:player":2,"alexsmobs:tusklin":2,"mutantmonsters:mutant_skeleton":1,"minecraft:zombie":4,"rottencreatures:undead_miner":3},"minecraft:crafted":{"minecraft:oak_planks":36,"max_armory:copper_sword":1,"minecraft:furnace":2,"minecraft:stone_pickaxe":4,"mekanism:ingot_tin":4,"minecraft:crafting_table":5,"minecraft:spruce_planks":120,"minecraft:wooden_pickaxe":2,"minecraft:iron_helmet":1,"minecraft:iron_sword":1,"minecraft:copper_ingot":8,"minecraft:stone_axe":2,"minecraft:air":0,"minecraft:iron_chestplate":2,"minecraft:shield":2,"minecraft:stick":96,"minecraft:iron_ingot":36,"minecraft:iron_pickaxe":2,"minecraft:stone_sword":3,"minecraft:torch":200}},"DataVersion":2975}