{"stats":{"minecraft:picked_up":{"minecraft:snow":13,"immersive_weathering:spruce_leaf_pile":1,"minecraft:snow_block":1,"minecraft:spruce_log":2,"minecraft:snowball":16},"minecraft:dropped":{"minecraft:snow_block":1,"minecraft:snow":14,"minecraft:bread":64,"minecraft:spruce_log":2,"immersive_weathering:spruce_leaf_pile":1,"minecraft:grass_block":1},"minecraft:custom":{"minecraft:open_chest":1,"minecraft:time_since_rest":1,"minecraft:crouch_one_cm":398,"minecraft:deaths":1,"minecraft:sprint_one_cm":34392,"minecraft:play_time":20479,"minecraft:damage_taken":260,"minecraft:walk_one_cm":32895,"minecraft:sneak_time":419,"minecraft:walk_under_water_one_cm":101,"minecraft:mob_kills":1,"minecraft:drop":83,"minecraft:jump":193,"minecraft:damage_dealt":799,"minecraft:leave_game":2,"minecraft:walk_on_water_one_cm":226,"minecraft:time_since_death":0,"minecraft:climb_one_cm":208,"minecraft:total_world_time":20705,"minecraft:fly_one_cm":343028,"minecraft:fall_one_cm":752},"minecraft:used":{"minecraft:lever":3,"minecraft:repeater":8,"minecraft:wooden_sword":24,"minecraft:snow":9,"minecraft:snow_block":1,"rottencreatures:glacial_hunter_spawn_egg":1,"minecraft:redstone":10,"immersive_weathering:spruce_leaf_pile":1,"mutantmonsters:mutant_snow_golem_spawn_egg":1},"minecraft:killed_by":{"minecraft:zombie":1},"minecraft:killed":{"mutantmonsters:mutant_snow_golem":1}},"DataVersion":2975}