{"stats":{"minecraft:broken":{"minecraft:stone_pickaxe":2},"minecraft:dropped":{"minecraft:snow_block":1,"minecraft:bread":65,"minecraft:stone_sword":1,"minecraft:leather":3,"minecraft:grass_block":1,"minecraft:coal":13,"minecraft:snow":14,"minecraft:torch":1,"immersive_weathering:spruce_leaf_pile":1,"minecraft:spruce_planks":45,"minecraft:wooden_sword":1,"minecraft:spruce_log":2,"minecraft:wooden_pickaxe":1,"minecraft:stone_pickaxe":1},"minecraft:custom":{"minecraft:interact_with_furnace":19,"minecraft:mob_kills":16,"minecraft:interact_with_crafting_table":17,"minecraft:open_barrel":1,"minecraft:damage_dealt_resisted":76,"minecraft:leave_game":3,"minecraft:time_since_death":665,"minecraft:climb_one_cm":208,"minecraft:time_since_rest":705,"minecraft:sprint_one_cm":215341,"minecraft:damage_taken":4178,"minecraft:walk_one_cm":235775,"minecraft:damage_blocked_by_shield":90,"minecraft:drop":92,"minecraft:damage_dealt":6921,"minecraft:player_kills":1,"minecraft:swim_one_cm":3766,"minecraft:damage_dealt_absorbed":40,"minecraft:fly_one_cm":483878,"minecraft:open_chest":1,"minecraft:crouch_one_cm":7536,"minecraft:play_time":89830,"minecraft:deaths":12,"minecraft:sneak_time":2364,"minecraft:walk_under_water_one_cm":2680,"minecraft:jump":1146,"minecraft:walk_on_water_one_cm":8624,"minecraft:total_world_time":90056,"minecraft:fall_one_cm":20702},"minecraft:killed":{"rottencreatures:undead_miner":5,"minecraft:cave_spider":1,"minecraft:zombie":6,"mutantmonsters:mutant_snow_golem":1,"minecraft:cow":2},"minecraft:mined":{"immersive_weathering:cryosol":2,"minecraft:spruce_planks":2,"mekanism:osmium_ore":5,"immersive_weathering:icicle":2,"minecraft:mossy_cobblestone":1,"immersive_weathering:spruce_leaf_pile":13,"immersive_weathering:frost":1,"minecraft:powder_snow":6,"minecraft:crafting_table":4,"minecraft:torch":6,"minecraft:dead_bush":1,"mekanism:tin_ore":9,"minecraft:copper_ore":19,"minecraft:cobblestone":1,"minecraft:deepslate_coal_ore":2,"minecraft:spruce_leaves":5,"minecraft:diorite":3,"minecraft:wall_torch":6,"minecraft:deepslate_copper_ore":5,"minecraft:furnace":1,"minecraft:iron_ore":23,"minecraft:spruce_log":29,"k_turrets:titanium_ore":7,"minecraft:oak_log":7,"minecraft:coal_ore":141,"minecraft:gravel":9,"minecraft:dirt":2,"minecraft:stripped_oak_log":2,"minecraft:stone_bricks":4,"minecraft:stone":183,"minecraft:mossy_stone_bricks":2},"minecraft:picked_up":{"minecraft:stripped_oak_log":2,"minecraft:crafting_table":7,"minecraft:cooked_beef":2,"minecraft:leather":3,"minecraft:wooden_pickaxe":5,"minecraft:filled_map":2,"minecraft:enchanted_book":2,"minecraft:flint":2,"minecraft:oak_log":7,"minecraft:shield":3,"minecraft:gunpowder":2,"minecraft:dirt":6,"minecraft:raw_copper":91,"minecraft:wooden_sword":2,"minecraft:snow":13,"minecraft:leather_boots":3,"minecraft:bone":7,"minecraft:stone_bricks":4,"minecraft:raw_gold":3,"minecraft:spruce_planks":227,"minecraft:beef":5,"immersive_weathering:spruce_leaf_pile":1,"minecraft:stone_pickaxe":9,"minecraft:mossy_stone_bricks":4,"minecraft:oak_planks":32,"minecraft:furnace":1,"minecraft:stick":4,"minecraft:raw_iron":33,"minecraft:copper_ingot":18,"minecraft:torch":61,"mekanism:ingot_tin":8,"minecraft:gravel":30,"minecraft:snow_block":1,"minecraft:spruce_sapling":2,"minecraft:mossy_cobblestone":3,"minecraft:diorite":9,"minecraft:spruce_log":32,"mekanism:raw_tin":15,"mekanism:raw_osmium":10,"alexsmobs:animal_dictionary":2,"max_armory:copper_sword":3,"minecraft:stone_sword":2,"minecraft:rotten_flesh":11,"minecraft:slime_ball":1,"minecraft:stone_axe":7,"k_turrets:raw_titanium":28,"minecraft:bread":14,"minecraft:coal":237,"minecraft:snowball":16,"minecraft:cobblestone":347,"minecraft:ender_pearl":2},"minecraft:used":{"minecraft:diorite":3,"minecraft:stone_sword":110,"minecraft:snow_block":1,"minecraft:redstone":10,"minecraft:stone_pickaxe":397,"minecraft:shield":4,"minecraft:wooden_pickaxe":28,"immersive_weathering:spruce_leaf_pile":1,"minecraft:rotten_flesh":2,"minecraft:torch":105,"minecraft:dirt":3,"minecraft:crafting_table":8,"max_armory:copper_sword":38,"minecraft:lever":3,"rottencreatures:glacial_hunter_spawn_egg":1,"minecraft:bread":8,"minecraft:spruce_sapling":1,"mutantmonsters:mutant_snow_golem_spawn_egg":1,"minecraft:stone_axe":50,"minecraft:repeater":8,"minecraft:wooden_sword":28,"minecraft:cobblestone":20,"minecraft:snow":9,"minecraft:furnace":3,"alexsmobs:animal_dictionary":1,"minecraft:cooked_beef":2},"minecraft:killed_by":{"minecraft:player":2,"mutantmonsters:mutant_skeleton":1,"minecraft:zombie":3,"alexsmobs:tusklin":2,"rottencreatures:undead_miner":3},"minecraft:crafted":{"mekanism:ingot_tin":4,"minecraft:oak_planks":36,"minecraft:crafting_table":5,"minecraft:spruce_planks":120,"minecraft:wooden_pickaxe":2,"max_armory:copper_sword":1,"minecraft:furnace":2,"minecraft:copper_ingot":8,"minecraft:stone_axe":2,"minecraft:air":0,"minecraft:stick":80,"minecraft:stone_pickaxe":4,"minecraft:stone_sword":3,"minecraft:torch":200}},"DataVersion":2975}