{"stats":{"minecraft:custom":{"minecraft:interact_with_crafting_table":71,"minecraft:open_barrel":4,"minecraft:leave_game":6,"minecraft:time_since_death":7046,"minecraft:sprint_one_cm":1134517,"minecraft:damage_blocked_by_shield":670,"minecraft:drop":253,"minecraft:talked_to_villager":1,"minecraft:play_time":397253,"minecraft:deaths":66,"minecraft:jump":5436,"minecraft:walk_on_water_one_cm":39538,"minecraft:interact_with_furnace":105,"minecraft:sleep_in_bed":4,"minecraft:damage_dealt":62211,"minecraft:player_kills":3,"minecraft:crouch_one_cm":42368,"minecraft:mob_kills":280,"minecraft:damage_dealt_resisted":3225,"minecraft:climb_one_cm":39286,"minecraft:walk_one_cm":1008505,"minecraft:damage_dealt_absorbed":202,"minecraft:sneak_time":14508,"minecraft:walk_under_water_one_cm":5597,"minecraft:total_world_time":397479,"minecraft:time_since_rest":7510,"minecraft:damage_taken":22640,"minecraft:swim_one_cm":5312,"minecraft:fly_one_cm":1560310,"minecraft:open_chest":164,"minecraft:fall_one_cm":103341},"minecraft:mined":{"minecraft:spruce_planks":2,"immersive_weathering:frost":1,"minecraft:obsidian":7,"sophisticatedbackpacks:iron_backpack":2,"minecraft:cracked_polished_blackstone_bricks":2,"minecraft:spawner":7,"minecraft:light_blue_stained_glass":2,"minecraft:polished_blackstone_bricks":2,"minecraft:cobbled_deepslate":1,"minecraft:iron_ore":38,"immersive_weathering:mossy_stone":2,"minecraft:anvil":2,"minecraft:dark_oak_stairs":3,"minecraft:pointed_dripstone":4,"minecraft:dirt_path":2,"minecraft:iron_block":1,"minecraft:spruce_slab":1,"minecraft:piston_head":2,"minecraft:deepslate_redstone_ore":6,"minecraft:gray_terracotta":8,"immersive_weathering:frosty_glass":1,"mekanism:osmium_ore":17,"minecraft:quartz_block":4,"sulfurpotassiummod:sulfur_ore":17,"minecraft:cyan_terracotta":1,"immersive_weathering:spruce_leaf_pile":15,"minecraft:powder_snow":6,"minecraft:torch":10,"minecraft:calcite":2,"minecraft:chest":8,"minecraft:dead_bush":3,"mekanism:tin_ore":18,"minecraft:glass":4,"minecraft:cobblestone":39,"minecraft:oak_planks":6,"tac:workbench":3,"minecraft:wall_torch":12,"minecraft:deepslate_copper_ore":19,"minecraft:smooth_stone_slab":4,"mekanism:deepslate_tin_ore":2,"minecraft:oak_log":38,"projectvibrantjourneys:short_grass":1,"mekanism:lead_ore":26,"minecraft:sand":1,"minecraft:dirt":5,"minecraft:stonecutter":1,"minecraft:oak_leaves":1,"minecraft:deepslate":43,"minecraft:tuff":1,"minecraft:blue_stained_glass_pane":1,"minecraft:mossy_cobblestone":2,"minecraft:deepslate_diamond_ore":3,"projectvibrantjourneys:rocks":1,"minecraft:gray_stained_glass_pane":4,"mekanism:deepslate_osmium_ore":1,"minecraft:dark_oak_fence":2,"minecraft:spruce_leaves":12,"minecraft:sandstone":1,"minecraft:hay_block":7,"minecraft:light_blue_wall_banner":2,"minecraft:furnace":12,"minecraft:stripped_spruce_log":16,"minecraft:bookshelf":15,"minecraft:deepslate_iron_ore":29,"minecraft:vine":2,"minecraft:lantern":1,"minecraft:stripped_oak_log":3,"minecraft:packed_ice":2,"sulfurpotassiummod:potassium_ore":4,"minecraft:stone":441,"projectvibrantjourneys:icicle":1,"immersive_weathering:cryosol":2,"mekanism:deepslate_lead_ore":2,"immersive_weathering:icicle":3,"minecraft:crafting_table":13,"minecraft:copper_ore":47,"minecraft:deepslate_coal_ore":5,"minecraft:lapis_ore":6,"minecraft:deepslate_gold_ore":7,"minecraft:diorite":3,"minecraft:blue_bed":3,"minecraft:cobblestone_wall":2,"k_turrets:deepslate_titanium_ore":1,"minecraft:spruce_log":51,"k_turrets:titanium_ore":9,"minecraft:coal_ore":253,"minecraft:gravel":10,"minecraft:dripstone_block":3,"mekanism:deepslate_uranium_ore":10,"minecraft:cobweb":8,"minecraft:brown_terracotta":1,"minecraft:cracked_stone_bricks":9,"minecraft:terracotta":9,"minecraft:polished_blackstone":2,"minecraft:stone_bricks":9,"minecraft:mossy_stone_bricks":2,"minecraft:gold_ore":17},"minecraft:used":{"minecraft:light_blue_banner":2,"minecraft:spruce_slab":6,"minecraft:polished_blackstone":2,"minecraft:chest":14,"minecraft:shield":20,"minecraft:iron_sword":273,"minecraft:rotten_flesh":38,"minecraft:iron_chestplate":5,"minecraft:snowball":2,"minecraft:packed_ice":2,"rottencreatures:glacial_hunter_spawn_egg":1,"minecraft:quartz_block":4,"minecraft:iron_helmet":3,"minecraft:stone_bricks":2,"minecraft:repeater":8,"minecraft:snow":9,"minecraft:furnace":18,"minecraft:cooked_cod":1,"rottencreatures:frozen_rotten_flesh":10,"minecraft:diorite":3,"minecraft:stone_pickaxe":397,"minecraft:oak_planks":15,"minecraft:ender_pearl":3,"minecraft:wooden_pickaxe":61,"minecraft:blue_bed":1,"minecraft:glow_berries":26,"immersive_weathering:mossy_stone":2,"minecraft:light_gray_terracotta":3,"max_armory:copper_sword":40,"minecraft:dripstone_block":3,"minecraft:redstone_torch":1,"rottencreatures:treasure_chest":3,"minecraft:lever":3,"sophisticatedbackpacks:backpack":1,"minecraft:bread":46,"rottencreatures:tnt_barrel":1,"mutantmonsters:mutant_snow_golem_spawn_egg":1,"minecraft:diamond_sword":758,"minecraft:wooden_sword":28,"minecraft:smooth_stone_slab":5,"minecraft:experience_bottle":1,"minecraft:oak_trapdoor":1,"sophisticatedbackpacks:iron_backpack":2,"minecraft:stone_sword":116,"minecraft:redstone":10,"immersive_weathering:spruce_leaf_pile":1,"minecraft:cooked_chicken":1,"minecraft:torch":306,"minecraft:dirt":11,"minecraft:anvil":1,"minecraft:iron_axe":80,"minecraft:iron_boots":6,"minecraft:smooth_basalt":1,"minecraft:cooked_beef":10,"minecraft:cobbled_deepslate":8,"minecraft:pointed_dripstone":4,"minecraft:iron_leggings":4,"minecraft:cooked_mutton":2,"tac:workbench":4,"minecraft:water_bucket":19,"minecraft:snow_block":1,"minecraft:cracked_stone_bricks":13,"minecraft:polished_blackstone_bricks":2,"minecraft:terracotta":16,"minecraft:crafting_table":20,"minecraft:gray_terracotta":5,"minecraft:diamond_pickaxe":125,"minecraft:cracked_polished_blackstone_bricks":2,"minecraft:iron_pickaxe":669,"minecraft:spruce_sapling":1,"minecraft:stone_axe":100,"minecraft:cobblestone":110,"minecraft:cooked_porkchop":2,"minecraft:bucket":20,"alexsmobs:animal_dictionary":1},"minecraft:killed":{"minecraft:cave_spider":7,"minecraft:witch":4,"roamers:bandit":4,"alexsmobs:froststalker":7,"minecraft:chicken":2,"minecraft:zombie_villager":3,"rottencreatures:dead_beard":4,"rottencreatures:frostbitten":20,"rottencreatures:zombie_lackey":41,"minecraft:zombie":76,"minecraft:stray":7,"alexsmobs:fly":3,"rottencreatures:swampy":4,"minecraft:cow":2,"alexsmobs:seagull":1,"mutantmonsters:mutant_snow_golem":1,"rottencreatures:hunter_wolf":4,"alexsmobs:tusklin":4,"rottencreatures:undead_miner":22,"minecraft:bat":1,"rottencreatures:glacial_hunter":3,"mutantmonsters:creeper_minion":3,"rottencreatures:skeleton_lackey":36,"alexsmobs:moose":1,"alexsmobs:crow":1,"minecraft:villager":1},"minecraft:crafted":{"minecraft:oak_planks":160,"minecraft:cooked_chicken":1,"max_armory:copper_sword":1,"minecraft:iron_boots":3,"minecraft:chest":7,"mekanism:ingot_tin":4,"minecraft:crafting_table":6,"minecraft:spruce_planks":264,"minecraft:wooden_pickaxe":2,"minecraft:iron_helmet":1,"minecraft:copper_ingot":19,"minecraft:iron_chestplate":3,"minecraft:shield":4,"minecraft:stick":164,"minecraft:iron_ingot":74,"minecraft:iron_pickaxe":4,"minecraft:iron_block":1,"minecraft:stone_sword":8,"minecraft:redstone_torch":1,"tac:workbench":1,"minecraft:furnace":4,"minecraft:oak_trapdoor":2,"minecraft:iron_axe":1,"minecraft:stone_pickaxe":4,"minecraft:wheat":63,"minecraft:iron_sword":2,"minecraft:bucket":2,"minecraft:stone_axe":2,"minecraft:bread":21,"minecraft:air":0,"minecraft:iron_leggings":1,"minecraft:torch":420},"minecraft:picked_up":{"rottencreatures:frozen_rotten_flesh":55,"minecraft:iron_chestplate":51,"minecraft:wheat":43,"minecraft:anvil":7,"mekanism:raw_uranium":30,"sulfurpotassiummod:sulfur":36,"minecraft:lead":5,"minecraft:diamond_sword":44,"minecraft:enchanted_book":17,"projectvibrantjourneys:mossy_rocks":1,"minecraft:string":159,"minecraft:raw_copper":1244,"minecraft:smooth_stone_slab":11,"minecraft:iron_leggings":20,"minecraft:experience_bottle":17,"minecraft:cobbled_deepslate":246,"minecraft:gold_nugget":572,"minecraft:bucket":7,"minecraft:spruce_planks":252,"minecraft:redstone_torch":3,"minecraft:cobblestone_slab":6,"minecraft:calcite":10,"minecraft:iron_pickaxe":29,"minecraft:furnace":24,"farmersdelight:cabbage_seeds":46,"rottencreatures:treasure_chest":4,"minecraft:iron_boots":44,"minecraft:tipped_arrow":3,"minecraft:stick":304,"sulfurpotassiummod:raw_potassium":18,"minecraft:brown_terracotta":12,"minecraft:torch":1028,"minecraft:snow_block":1,"minecraft:porkchop":74,"minecraft:pointed_dripstone":16,"minecraft:diorite":9,"mekanism:raw_tin":108,"minecraft:quartz_block":4,"minecraft:stone_sword":22,"minecraft:rotten_flesh":703,"minecraft:iron_block":6,"farmersdelight:rope":99,"minecraft:white_terracotta":4,"minecraft:obsidian":12,"minecraft:cod":3,"minecraft:snowball":222,"tac:workbench":3,"minecraft:cobblestone":2096,"tac:round45":151,"immersive_weathering:mossy_stone":2,"minecraft:feather":12,"minecraft:cooked_beef":55,"minecraft:water_bucket":38,"minecraft:powder_snow_bucket":4,"minecraft:potato":32,"minecraft:flint":5,"minecraft:tuff":4,"minecraft:map":10,"minecraft:lapis_lazuli":195,"minecraft:dirt":138,"minecraft:lantern":7,"minecraft:leather_boots":3,"minecraft:bone":552,"minecraft:stonecutter":4,"minecraft:gray_terracotta":32,"minecraft:raw_gold":161,"minecraft:mossy_stone_bricks":12,"minecraft:diamond_helmet":10,"minecraft:glowstone_dust":1,"minecraft:oak_planks":582,"minecraft:cooked_porkchop":7,"minecraft:poisonous_potato":11,"minecraft:sand":2,"minecraft:stripped_spruce_log":25,"sophisticatedbackpacks:iron_backpack":12,"minecraft:mossy_cobblestone":7,"alexsmobs:animal_dictionary":2,"minecraft:barrel":4,"minecraft:light_gray_terracotta":6,"minecraft:diamond":32,"rottencreatures:tnt_barrel":14,"minecraft:cracked_polished_blackstone_bricks":2,"minecraft:blue_ice":8,"minecraft:emerald":110,"minecraft:golden_horse_armor":5,"alexsmobs:moose_ribs":18,"minecraft:bread":208,"alexsmobs:maggot":6,"minecraft:dark_oak_fence":7,"minecraft:diamond_pickaxe":7,"minecraft:fishing_rod":4,"minecraft:crafting_table":27,"minecraft:chicken":5,"minecraft:ladder":8,"minecraft:clay_ball":8,"minecraft:packed_ice":16,"minecraft:wooden_pickaxe":8,"minecraft:gold_block":4,"alexsmobs:froststalker_horn":11,"minecraft:shield":37,"minecraft:oak_trapdoor":3,"minecraft:iron_axe":34,"minecraft:wooden_sword":2,"minecraft:snow":13,"minecraft:item_frame":17,"minecraft:cracked_stone_bricks":39,"immersive_weathering:spruce_leaf_pile":1,"minecraft:beef":5,"minecraft:iron_nugget":373,"minecraft:spruce_slab":55,"minecraft:chest":10,"minecraft:diamond_hoe":3,"minecraft:raw_iron":300,"minecraft:sandstone":1,"minecraft:copper_ingot":231,"sophisticatedbackpacks:backpack":3,"minecraft:polished_blackstone_bricks":2,"minecraft:stone_button":2,"minecraft:carrot":3,"minecraft:redstone":74,"immersive_weathering:permafrost":57,"minecraft:brown_dye":14,"minecraft:tnt":60,"minecraft:arrow":5,"minecraft:cooked_cod":1,"minecraft:beetroot_seeds":9,"k_turrets:raw_titanium":91,"minecraft:hay_block":7,"minecraft:gold_ingot":162,"minecraft:polished_blackstone":2,"minecraft:glow_berries":13,"minecraft:stripped_oak_log":3,"mekanism:raw_lead":261,"minecraft:glow_ink_sac":3,"projectvibrantjourneys:icicle":4,"minecraft:leather":57,"minecraft:filled_map":14,"minecraft:oak_log":37,"minecraft:cobblestone_wall":12,"minecraft:gunpowder":248,"minecraft:blue_bed":5,"minecraft:paper":34,"tac:m1911":5,"minecraft:cooked_mutton":2,"minecraft:red_carpet":50,"minecraft:light_blue_banner":2,"minecraft:apple":17,"minecraft:stone_bricks":92,"minecraft:iron_ingot":74,"minecraft:stone_pickaxe":15,"minecraft:glass_bottle":10,"minecraft:iron_sword":18,"minecraft:dark_oak_stairs":2,"minecraft:book":113,"minecraft:smooth_basalt":2,"minecraft:dripstone_block":34,"minecraft:lava_bucket":2,"minecraft:gravel":33,"mekanism:ingot_tin":24,"minecraft:spruce_sapling":3,"minecraft:spruce_log":106,"mekanism:raw_osmium":170,"minecraft:spider_eye":36,"minecraft:pumpkin_seeds":4,"minecraft:slime_ball":9,"max_armory:copper_sword":8,"minecraft:stone_axe":24,"minecraft:iron_helmet":21,"mekanism:fluorite_gem":12,"minecraft:terracotta":132,"minecraft:coal":1614,"minecraft:ender_pearl":19},"minecraft:broken":{"minecraft:stone_pickaxe":2,"minecraft:iron_sword":1,"minecraft:stone_sword":1,"minecraft:iron_pickaxe":2,"minecraft:iron_helmet":1},"minecraft:dropped":{"minecraft:dark_oak_stairs":2,"minecraft:lapis_lazuli":9,"mekanism:ingot_tin":4,"minecraft:ender_pearl":3,"minecraft:diamond":9,"tac:m1911":1,"minecraft:leather":16,"minecraft:cracked_stone_bricks":5,"max_armory:copper_sword":1,"minecraft:emerald":6,"minecraft:snowball":13,"minecraft:wooden_sword":1,"minecraft:iron_pickaxe":5,"minecraft:blue_bed":1,"minecraft:bone":32,"minecraft:gold_ingot":10,"minecraft:stone_axe":2,"minecraft:iron_nugget":39,"minecraft:wheat":13,"minecraft:rotten_flesh":197,"minecraft:oak_planks":216,"mekanism:raw_tin":10,"alexsmobs:froststalker_horn":2,"minecraft:gunpowder":74,"immersive_weathering:spruce_leaf_pile":1,"minecraft:chest":3,"minecraft:ladder":6,"farmersdelight:rope":15,"rottencreatures:frozen_rotten_flesh":9,"minecraft:enchanted_book":3,"minecraft:water_bucket":2,"minecraft:iron_ingot":20,"minecraft:bread":72,"minecraft:stripped_spruce_log":15,"minecraft:tnt":12,"minecraft:mossy_cobblestone":2,"minecraft:dripstone_block":4,"minecraft:lead":1,"minecraft:cobblestone":89,"minecraft:book":21,"minecraft:apple":3,"minecraft:copper_ingot":92,"minecraft:grass_block":1,"minecraft:coal":133,"minecraft:stick":40,"minecraft:lava_bucket":1,"minecraft:torch":14,"mekanism:raw_uranium":10,"minecraft:diamond_helmet":5,"minecraft:iron_leggings":1,"minecraft:iron_axe":1,"minecraft:string":3,"minecraft:bucket":2,"minecraft:redstone":3,"minecraft:snow_block":1,"minecraft:furnace":2,"minecraft:anvil":1,"minecraft:brown_dye":4,"minecraft:stone_sword":2,"minecraft:cobblestone_wall":1,"minecraft:raw_copper":214,"minecraft:experience_bottle":2,"farmersdelight:cabbage_seeds":25,"minecraft:iron_boots":4,"sophisticatedbackpacks:backpack":1,"minecraft:pumpkin_seeds":2,"minecraft:diamond_sword":7,"minecraft:snow":14,"minecraft:shield":4,"minecraft:powder_snow_bucket":1,"minecraft:spruce_planks":45,"minecraft:diamond_pickaxe":3,"minecraft:iron_chestplate":7,"minecraft:mossy_stone_bricks":3,"minecraft:blue_ice":2,"minecraft:stone_bricks":20,"minecraft:barrel":2,"minecraft:spruce_log":2,"minecraft:stone_pickaxe":4,"minecraft:wooden_pickaxe":1,"minecraft:raw_gold":18},"minecraft:killed_by":{"alexsmobs:tusklin":8,"mutantmonsters:mutant_creeper":1,"rottencreatures:dead_beard":1,"mutantmonsters:creeper_minion":1,"minecraft:zombie":9,"rottencreatures:skeleton_lackey":4,"rottencreatures:undead_miner":10,"minecraft:player":5,"minecraft:stray":2,"rottencreatures:zombie_lackey":15,"rottencreatures:swampy":2,"alexsmobs:centipede_head":1,"mutantmonsters:mutant_skeleton":1}},"DataVersion":2975}