{"stats":{"minecraft:crafted":{"minecraft:oak_planks":160,"max_armory:copper_sword":1,"minecraft:furnace":3,"minecraft:iron_boots":2,"minecraft:stone_pickaxe":4,"mekanism:ingot_tin":4,"minecraft:crafting_table":5,"minecraft:spruce_planks":120,"minecraft:wooden_pickaxe":2,"minecraft:iron_helmet":1,"minecraft:iron_sword":1,"minecraft:copper_ingot":8,"minecraft:bucket":2,"minecraft:stone_axe":2,"minecraft:air":0,"minecraft:iron_chestplate":2,"minecraft:shield":2,"minecraft:stick":96,"minecraft:iron_ingot":51,"minecraft:iron_pickaxe":3,"minecraft:stone_sword":3,"minecraft:iron_leggings":1,"minecraft:torch":284},"minecraft:custom":{"minecraft:mob_kills":44,"minecraft:interact_with_crafting_table":43,"minecraft:open_barrel":1,"minecraft:damage_dealt_resisted":76,"minecraft:leave_game":3,"minecraft:time_since_death":4183,"minecraft:climb_one_cm":1100,"minecraft:sprint_one_cm":331540,"minecraft:walk_one_cm":367722,"minecraft:damage_blocked_by_shield":240,"minecraft:drop":129,"minecraft:damage_dealt_absorbed":40,"minecraft:play_time":155003,"minecraft:deaths":24,"minecraft:sneak_time":3027,"minecraft:walk_under_water_one_cm":3207,"minecraft:jump":1984,"minecraft:walk_on_water_one_cm":10214,"minecraft:total_world_time":155229,"minecraft:interact_with_furnace":62,"minecraft:time_since_rest":4236,"minecraft:damage_taken":7716,"minecraft:damage_dealt":14391,"minecraft:player_kills":1,"minecraft:swim_one_cm":4186,"minecraft:fly_one_cm":588853,"minecraft:open_chest":1,"minecraft:crouch_one_cm":8968,"minecraft:fall_one_cm":32137},"minecraft:killed_by":{"minecraft:player":4,"alexsmobs:tusklin":2,"rottencreatures:swampy":2,"mutantmonsters:mutant_skeleton":1,"minecraft:zombie":6,"rottencreatures:undead_miner":6},"minecraft:killed":{"minecraft:cave_spider":7,"mutantmonsters:mutant_snow_golem":1,"rottencreatures:undead_miner":11,"mutantmonsters:creeper_minion":3,"minecraft:zombie":16,"rottencreatures:swampy":4,"minecraft:cow":2},"minecraft:mined":{"minecraft:spruce_planks":2,"minecraft:mossy_cobblestone":2,"immersive_weathering:frost":1,"projectvibrantjourneys:rocks":1,"minecraft:spruce_leaves":5,"minecraft:furnace":6,"immersive_weathering:mossy_stone":1,"minecraft:iron_ore":37,"minecraft:pointed_dripstone":4,"minecraft:vine":1,"minecraft:packed_ice":1,"minecraft:stripped_oak_log":3,"minecraft:stone":326,"immersive_weathering:cryosol":2,"mekanism:osmium_ore":11,"immersive_weathering:icicle":2,"immersive_weathering:spruce_leaf_pile":13,"minecraft:powder_snow":6,"minecraft:crafting_table":9,"minecraft:torch":8,"minecraft:dead_bush":3,"mekanism:tin_ore":15,"minecraft:copper_ore":37,"minecraft:cobblestone":12,"minecraft:deepslate_coal_ore":2,"minecraft:diorite":3,"minecraft:wall_torch":8,"minecraft:deepslate_copper_ore":5,"minecraft:spruce_log":29,"k_turrets:titanium_ore":7,"minecraft:oak_log":38,"minecraft:coal_ore":219,"mekanism:lead_ore":18,"minecraft:gravel":9,"minecraft:dripstone_block":3,"minecraft:dirt":3,"minecraft:cobweb":3,"minecraft:terracotta":6,"minecraft:stone_bricks":4,"minecraft:mossy_stone_bricks":2},"minecraft:used":{"minecraft:stone_sword":115,"minecraft:redstone":10,"minecraft:shield":10,"minecraft:iron_sword":126,"immersive_weathering:spruce_leaf_pile":1,"minecraft:rotten_flesh":12,"minecraft:iron_chestplate":2,"minecraft:torch":189,"minecraft:dirt":7,"rottencreatures:glacial_hunter_spawn_egg":1,"minecraft:iron_helmet":2,"minecraft:iron_boots":2,"minecraft:repeater":8,"minecraft:snow":9,"minecraft:furnace":10,"minecraft:cooked_beef":2,"minecraft:pointed_dripstone":4,"minecraft:water_bucket":1,"minecraft:diorite":3,"minecraft:snow_block":1,"minecraft:stone_pickaxe":397,"minecraft:ender_pearl":1,"minecraft:wooden_pickaxe":61,"minecraft:terracotta":2,"immersive_weathering:mossy_stone":1,"minecraft:crafting_table":14,"minecraft:light_gray_terracotta":3,"max_armory:copper_sword":40,"minecraft:lever":3,"minecraft:bread":8,"minecraft:iron_pickaxe":311,"minecraft:spruce_sapling":1,"mutantmonsters:mutant_snow_golem_spawn_egg":1,"minecraft:stone_axe":86,"minecraft:diamond_sword":14,"minecraft:wooden_sword":28,"minecraft:cobblestone":58,"minecraft:cooked_porkchop":1,"minecraft:bucket":2,"alexsmobs:animal_dictionary":1},"minecraft:dropped":{"minecraft:enchanted_book":2,"minecraft:iron_ingot":2,"minecraft:bread":65,"minecraft:tnt":6,"minecraft:mossy_cobblestone":2,"minecraft:ender_pearl":2,"minecraft:diamond":2,"minecraft:dripstone_block":4,"minecraft:leather":6,"max_armory:copper_sword":1,"minecraft:grass_block":1,"minecraft:coal":70,"minecraft:torch":1,"minecraft:snowball":4,"minecraft:diamond_helmet":2,"minecraft:wooden_sword":1,"minecraft:iron_pickaxe":2,"minecraft:bucket":2,"minecraft:snow_block":1,"minecraft:furnace":1,"minecraft:stone_axe":1,"minecraft:stone_sword":1,"minecraft:iron_boots":2,"minecraft:diamond_sword":2,"minecraft:snow":14,"minecraft:shield":2,"minecraft:powder_snow_bucket":1,"immersive_weathering:spruce_leaf_pile":1,"minecraft:spruce_planks":45,"minecraft:iron_chestplate":3,"minecraft:mossy_stone_bricks":2,"minecraft:stone_bricks":3,"minecraft:spruce_log":2,"minecraft:wooden_pickaxe":1,"minecraft:stone_pickaxe":4},"minecraft:broken":{"minecraft:stone_pickaxe":2,"minecraft:iron_pickaxe":2},"minecraft:picked_up":{"minecraft:crafting_table":19,"minecraft:iron_chestplate":12,"minecraft:packed_ice":6,"minecraft:diamond_sword":3,"minecraft:wooden_pickaxe":8,"minecraft:enchanted_book":12,"minecraft:shield":13,"minecraft:string":99,"minecraft:raw_copper":646,"minecraft:wooden_sword":2,"minecraft:snow":13,"minecraft:iron_leggings":6,"minecraft:bucket":2,"minecraft:spruce_planks":252,"immersive_weathering:spruce_leaf_pile":1,"minecraft:beef":5,"minecraft:iron_pickaxe":7,"minecraft:iron_boots":8,"minecraft:furnace":12,"minecraft:stick":95,"minecraft:raw_iron":148,"minecraft:brown_terracotta":11,"minecraft:copper_ingot":66,"minecraft:torch":507,"minecraft:porkchop":5,"minecraft:snow_block":1,"minecraft:pointed_dripstone":16,"minecraft:diorite":9,"minecraft:brown_dye":2,"mekanism:raw_tin":73,"minecraft:tnt":30,"minecraft:stone_sword":3,"minecraft:rotten_flesh":75,"k_turrets:raw_titanium":68,"minecraft:white_terracotta":4,"minecraft:snowball":32,"minecraft:cobblestone":1300,"minecraft:stripped_oak_log":3,"minecraft:glow_ink_sac":1,"immersive_weathering:mossy_stone":1,"minecraft:cooked_beef":2,"mekanism:raw_lead":125,"minecraft:water_bucket":7,"minecraft:leather":12,"minecraft:powder_snow_bucket":4,"minecraft:filled_map":7,"minecraft:flint":2,"minecraft:oak_log":37,"minecraft:gunpowder":8,"minecraft:dirt":24,"minecraft:leather_boots":3,"minecraft:bone":41,"minecraft:stone_bricks":14,"minecraft:raw_gold":43,"minecraft:stone_pickaxe":15,"minecraft:iron_ingot":20,"minecraft:mossy_stone_bricks":9,"minecraft:diamond_helmet":3,"minecraft:iron_sword":9,"minecraft:oak_planks":32,"minecraft:cooked_porkchop":2,"minecraft:poisonous_potato":3,"minecraft:dripstone_block":26,"minecraft:gravel":30,"mekanism:ingot_tin":16,"minecraft:spruce_sapling":2,"minecraft:spruce_log":32,"alexsmobs:animal_dictionary":2,"mekanism:raw_osmium":89,"minecraft:spider_eye":17,"minecraft:mossy_cobblestone":7,"minecraft:light_gray_terracotta":6,"minecraft:slime_ball":1,"max_armory:copper_sword":6,"minecraft:diamond":12,"minecraft:stone_axe":18,"minecraft:iron_helmet":10,"mekanism:fluorite_gem":4,"minecraft:bread":14,"minecraft:terracotta":43,"minecraft:coal":1018,"minecraft:ender_pearl":7}},"DataVersion":2975}