{"stats":{"minecraft:broken":{"minecraft:stone_pickaxe":1},"minecraft:dropped":{"minecraft:snow_block":1,"minecraft:bread":65,"minecraft:grass_block":1,"minecraft:coal":13,"minecraft:snow":14,"immersive_weathering:spruce_leaf_pile":1,"minecraft:wooden_sword":1,"minecraft:spruce_log":2,"minecraft:wooden_pickaxe":1,"minecraft:stone_pickaxe":1},"minecraft:custom":{"minecraft:mob_kills":8,"minecraft:interact_with_crafting_table":5,"minecraft:open_barrel":1,"minecraft:damage_dealt_resisted":76,"minecraft:leave_game":3,"minecraft:time_since_death":917,"minecraft:climb_one_cm":208,"minecraft:time_since_rest":946,"minecraft:sprint_one_cm":154849,"minecraft:damage_taken":2860,"minecraft:walk_one_cm":156711,"minecraft:damage_blocked_by_shield":90,"minecraft:drop":88,"minecraft:damage_dealt":5377,"minecraft:player_kills":1,"minecraft:swim_one_cm":3766,"minecraft:damage_dealt_absorbed":40,"minecraft:fly_one_cm":448542,"minecraft:open_chest":1,"minecraft:crouch_one_cm":5919,"minecraft:play_time":65830,"minecraft:deaths":8,"minecraft:sneak_time":1945,"minecraft:walk_under_water_one_cm":2542,"minecraft:jump":767,"minecraft:walk_on_water_one_cm":4801,"minecraft:total_world_time":66056,"minecraft:fall_one_cm":16479},"minecraft:killed":{"rottencreatures:undead_miner":2,"minecraft:zombie":4,"mutantmonsters:mutant_snow_golem":1},"minecraft:picked_up":{"minecraft:crafting_table":3,"minecraft:wooden_pickaxe":4,"minecraft:flint":2,"minecraft:shield":3,"minecraft:gunpowder":2,"minecraft:dirt":3,"minecraft:raw_copper":32,"minecraft:wooden_sword":2,"minecraft:snow":13,"minecraft:leather_boots":3,"minecraft:bone":1,"minecraft:raw_gold":2,"minecraft:spruce_planks":225,"immersive_weathering:spruce_leaf_pile":1,"minecraft:stone_pickaxe":6,"minecraft:stick":4,"minecraft:raw_iron":2,"minecraft:torch":17,"minecraft:gravel":30,"minecraft:snow_block":1,"minecraft:spruce_sapling":2,"minecraft:diorite":9,"minecraft:spruce_log":32,"mekanism:raw_tin":2,"mekanism:raw_osmium":10,"alexsmobs:animal_dictionary":2,"minecraft:stone_sword":2,"minecraft:rotten_flesh":9,"minecraft:slime_ball":1,"minecraft:stone_axe":5,"minecraft:bread":14,"minecraft:coal":114,"minecraft:snowball":16,"minecraft:cobblestone":242},"minecraft:mined":{"immersive_weathering:cryosol":2,"mekanism:osmium_ore":5,"immersive_weathering:icicle":2,"immersive_weathering:spruce_leaf_pile":13,"immersive_weathering:frost":1,"minecraft:powder_snow":6,"minecraft:crafting_table":2,"minecraft:torch":4,"mekanism:tin_ore":2,"minecraft:copper_ore":6,"minecraft:cobblestone":1,"minecraft:deepslate_coal_ore":2,"minecraft:spruce_leaves":5,"minecraft:diorite":3,"minecraft:wall_torch":4,"minecraft:deepslate_copper_ore":5,"minecraft:spruce_log":29,"minecraft:coal_ore":63,"minecraft:gravel":9,"minecraft:dirt":1,"minecraft:stone":134},"minecraft:used":{"minecraft:diorite":2,"minecraft:stone_sword":104,"minecraft:snow_block":1,"minecraft:redstone":10,"minecraft:stone_pickaxe":207,"minecraft:shield":4,"minecraft:wooden_pickaxe":28,"immersive_weathering:spruce_leaf_pile":1,"minecraft:torch":35,"minecraft:dirt":3,"minecraft:crafting_table":4,"minecraft:lever":3,"rottencreatures:glacial_hunter_spawn_egg":1,"minecraft:bread":8,"minecraft:spruce_sapling":1,"mutantmonsters:mutant_snow_golem_spawn_egg":1,"minecraft:stone_axe":37,"minecraft:repeater":8,"minecraft:wooden_sword":28,"minecraft:cobblestone":18,"minecraft:snow":9,"alexsmobs:animal_dictionary":1},"minecraft:killed_by":{"minecraft:player":1,"mutantmonsters:mutant_skeleton":1,"minecraft:zombie":3,"alexsmobs:tusklin":2},"minecraft:crafted":{"minecraft:crafting_table":3,"minecraft:spruce_planks":120,"minecraft:wooden_pickaxe":2,"minecraft:stone_axe":2,"minecraft:stick":24,"minecraft:stone_pickaxe":3,"minecraft:stone_sword":2,"minecraft:torch":32}},"DataVersion":2975}