{"stats":{"minecraft:broken":{"minecraft:stone_pickaxe":1},"minecraft:dropped":{"minecraft:snow_block":1,"minecraft:bread":65,"minecraft:stone_sword":1,"minecraft:leather":3,"minecraft:grass_block":1,"minecraft:coal":13,"minecraft:snow":14,"minecraft:torch":1,"immersive_weathering:spruce_leaf_pile":1,"minecraft:spruce_planks":45,"minecraft:wooden_sword":1,"minecraft:spruce_log":2,"minecraft:wooden_pickaxe":1,"minecraft:stone_pickaxe":1},"minecraft:custom":{"minecraft:interact_with_furnace":18,"minecraft:mob_kills":10,"minecraft:interact_with_crafting_table":15,"minecraft:open_barrel":1,"minecraft:damage_dealt_resisted":76,"minecraft:leave_game":3,"minecraft:time_since_death":12917,"minecraft:climb_one_cm":208,"minecraft:time_since_rest":12946,"minecraft:sprint_one_cm":172595,"minecraft:damage_taken":3140,"minecraft:walk_one_cm":195225,"minecraft:damage_blocked_by_shield":90,"minecraft:drop":92,"minecraft:damage_dealt":5618,"minecraft:player_kills":1,"minecraft:swim_one_cm":3766,"minecraft:damage_dealt_absorbed":40,"minecraft:fly_one_cm":465937,"minecraft:open_chest":1,"minecraft:crouch_one_cm":7376,"minecraft:play_time":77830,"minecraft:deaths":8,"minecraft:sneak_time":2335,"minecraft:walk_under_water_one_cm":2542,"minecraft:jump":945,"minecraft:walk_on_water_one_cm":8294,"minecraft:total_world_time":78056,"minecraft:fall_one_cm":18545},"minecraft:killed":{"rottencreatures:undead_miner":2,"minecraft:zombie":4,"mutantmonsters:mutant_snow_golem":1,"minecraft:cow":2},"minecraft:mined":{"immersive_weathering:cryosol":2,"mekanism:osmium_ore":5,"immersive_weathering:icicle":2,"minecraft:mossy_cobblestone":1,"immersive_weathering:spruce_leaf_pile":13,"immersive_weathering:frost":1,"minecraft:powder_snow":6,"minecraft:crafting_table":3,"minecraft:torch":6,"minecraft:dead_bush":1,"mekanism:tin_ore":6,"minecraft:copper_ore":19,"minecraft:cobblestone":1,"minecraft:deepslate_coal_ore":2,"minecraft:spruce_leaves":5,"minecraft:diorite":3,"minecraft:wall_torch":5,"minecraft:deepslate_copper_ore":5,"minecraft:furnace":1,"minecraft:iron_ore":1,"minecraft:spruce_log":29,"k_turrets:titanium_ore":7,"minecraft:oak_log":7,"minecraft:coal_ore":99,"minecraft:gravel":9,"minecraft:dirt":1,"minecraft:stripped_oak_log":2,"minecraft:stone_bricks":4,"minecraft:stone":166,"minecraft:mossy_stone_bricks":2},"minecraft:picked_up":{"minecraft:stripped_oak_log":2,"minecraft:crafting_table":4,"minecraft:cooked_beef":1,"minecraft:leather":3,"minecraft:wooden_pickaxe":4,"minecraft:flint":2,"minecraft:oak_log":7,"minecraft:shield":3,"minecraft:gunpowder":2,"minecraft:dirt":3,"minecraft:raw_copper":76,"minecraft:wooden_sword":2,"minecraft:snow":13,"minecraft:leather_boots":3,"minecraft:bone":1,"minecraft:stone_bricks":4,"minecraft:raw_gold":2,"minecraft:spruce_planks":225,"minecraft:beef":5,"immersive_weathering:spruce_leaf_pile":1,"minecraft:stone_pickaxe":6,"minecraft:mossy_stone_bricks":1,"minecraft:furnace":1,"minecraft:stick":4,"minecraft:raw_iron":3,"minecraft:torch":20,"minecraft:gravel":30,"minecraft:snow_block":1,"minecraft:spruce_sapling":2,"minecraft:mossy_cobblestone":1,"minecraft:diorite":9,"minecraft:spruce_log":32,"mekanism:raw_tin":6,"mekanism:raw_osmium":10,"alexsmobs:animal_dictionary":2,"minecraft:stone_sword":2,"minecraft:rotten_flesh":9,"minecraft:slime_ball":1,"minecraft:stone_axe":5,"k_turrets:raw_titanium":7,"minecraft:bread":14,"minecraft:coal":150,"minecraft:snowball":16,"minecraft:cobblestone":273},"minecraft:used":{"minecraft:diorite":3,"minecraft:stone_sword":110,"minecraft:snow_block":1,"minecraft:redstone":10,"minecraft:stone_pickaxe":311,"minecraft:shield":4,"minecraft:wooden_pickaxe":28,"immersive_weathering:spruce_leaf_pile":1,"minecraft:torch":65,"minecraft:dirt":3,"minecraft:crafting_table":6,"minecraft:lever":3,"rottencreatures:glacial_hunter_spawn_egg":1,"minecraft:bread":8,"minecraft:spruce_sapling":1,"mutantmonsters:mutant_snow_golem_spawn_egg":1,"minecraft:stone_axe":47,"minecraft:repeater":8,"minecraft:wooden_sword":28,"minecraft:cobblestone":20,"minecraft:snow":9,"minecraft:furnace":2,"alexsmobs:animal_dictionary":1,"minecraft:cooked_beef":1},"minecraft:killed_by":{"minecraft:player":1,"mutantmonsters:mutant_skeleton":1,"minecraft:zombie":3,"alexsmobs:tusklin":2},"minecraft:crafted":{"mekanism:ingot_tin":4,"minecraft:oak_planks":36,"minecraft:crafting_table":4,"minecraft:spruce_planks":120,"minecraft:wooden_pickaxe":2,"max_armory:copper_sword":1,"minecraft:furnace":1,"minecraft:copper_ingot":8,"minecraft:stone_axe":2,"minecraft:air":0,"minecraft:stick":40,"minecraft:stone_pickaxe":3,"minecraft:stone_sword":3,"minecraft:torch":76}},"DataVersion":2975}