{"stats":{"minecraft:crafted":{"minecraft:oak_planks":160,"max_armory:copper_sword":1,"minecraft:furnace":3,"minecraft:iron_boots":2,"minecraft:stone_pickaxe":4,"minecraft:chest":1,"mekanism:ingot_tin":4,"minecraft:crafting_table":5,"minecraft:spruce_planks":120,"minecraft:wooden_pickaxe":2,"minecraft:iron_helmet":1,"minecraft:iron_sword":2,"minecraft:copper_ingot":8,"minecraft:bucket":2,"minecraft:stone_axe":2,"minecraft:air":0,"minecraft:iron_chestplate":2,"minecraft:shield":3,"minecraft:stick":108,"minecraft:iron_ingot":51,"minecraft:iron_pickaxe":3,"minecraft:stone_sword":3,"minecraft:iron_leggings":1,"minecraft:torch":320},"minecraft:custom":{"minecraft:mob_kills":76,"minecraft:interact_with_crafting_table":46,"minecraft:open_barrel":1,"minecraft:damage_dealt_resisted":788,"minecraft:leave_game":3,"minecraft:time_since_death":2322,"minecraft:climb_one_cm":8026,"minecraft:sprint_one_cm":399903,"minecraft:walk_one_cm":447461,"minecraft:damage_blocked_by_shield":370,"minecraft:drop":140,"minecraft:damage_dealt_absorbed":42,"minecraft:play_time":179003,"minecraft:deaths":29,"minecraft:sneak_time":4401,"minecraft:walk_under_water_one_cm":3207,"minecraft:jump":2290,"minecraft:walk_on_water_one_cm":12153,"minecraft:total_world_time":179229,"minecraft:interact_with_furnace":64,"minecraft:time_since_rest":2354,"minecraft:damage_taken":9689,"minecraft:damage_dealt":22654,"minecraft:player_kills":1,"minecraft:swim_one_cm":4186,"minecraft:fly_one_cm":631287,"minecraft:open_chest":20,"minecraft:crouch_one_cm":12632,"minecraft:fall_one_cm":41683},"minecraft:killed_by":{"minecraft:player":5,"rottencreatures:zombie_lackey":2,"alexsmobs:tusklin":2,"rottencreatures:swampy":2,"mutantmonsters:mutant_skeleton":1,"minecraft:zombie":6,"rottencreatures:skeleton_lackey":1,"rottencreatures:undead_miner":6},"minecraft:killed":{"minecraft:cave_spider":7,"alexsmobs:froststalker":4,"mutantmonsters:mutant_snow_golem":1,"rottencreatures:undead_miner":11,"rottencreatures:dead_beard":2,"rottencreatures:frostbitten":5,"rottencreatures:zombie_lackey":12,"rottencreatures:glacial_hunter":1,"mutantmonsters:creeper_minion":3,"minecraft:zombie":19,"minecraft:stray":5,"rottencreatures:skeleton_lackey":9,"alexsmobs:fly":1,"rottencreatures:swampy":4,"minecraft:cow":2},"minecraft:mined":{"minecraft:spruce_planks":2,"minecraft:mossy_cobblestone":2,"immersive_weathering:frost":1,"projectvibrantjourneys:rocks":1,"minecraft:spruce_leaves":6,"minecraft:spawner":2,"minecraft:furnace":6,"immersive_weathering:mossy_stone":1,"minecraft:iron_ore":37,"minecraft:anvil":1,"minecraft:bookshelf":7,"minecraft:pointed_dripstone":4,"minecraft:vine":1,"minecraft:packed_ice":1,"minecraft:stripped_oak_log":3,"minecraft:stone":353,"immersive_weathering:cryosol":2,"immersive_weathering:frosty_glass":1,"mekanism:osmium_ore":15,"immersive_weathering:icicle":2,"immersive_weathering:spruce_leaf_pile":13,"minecraft:powder_snow":6,"minecraft:crafting_table":9,"minecraft:torch":8,"minecraft:dead_bush":3,"mekanism:tin_ore":15,"minecraft:glass":3,"minecraft:copper_ore":37,"minecraft:cobblestone":29,"minecraft:deepslate_coal_ore":2,"minecraft:oak_planks":2,"minecraft:diorite":3,"minecraft:wall_torch":8,"minecraft:deepslate_copper_ore":5,"minecraft:spruce_log":29,"k_turrets:titanium_ore":7,"minecraft:oak_log":38,"minecraft:coal_ore":229,"mekanism:lead_ore":18,"minecraft:gravel":9,"minecraft:dripstone_block":3,"minecraft:dirt":3,"minecraft:cobweb":3,"minecraft:cracked_stone_bricks":6,"minecraft:terracotta":7,"minecraft:stone_bricks":5,"minecraft:mossy_stone_bricks":2,"minecraft:gold_ore":12,"minecraft:oak_leaves":1},"minecraft:used":{"minecraft:stone_sword":115,"minecraft:redstone":10,"minecraft:chest":1,"minecraft:shield":14,"minecraft:iron_sword":258,"immersive_weathering:spruce_leaf_pile":1,"minecraft:rotten_flesh":15,"minecraft:iron_chestplate":2,"minecraft:torch":203,"minecraft:dirt":7,"rottencreatures:glacial_hunter_spawn_egg":1,"minecraft:iron_helmet":2,"minecraft:iron_boots":2,"minecraft:repeater":8,"minecraft:snow":9,"minecraft:furnace":10,"rottencreatures:frozen_rotten_flesh":8,"minecraft:cooked_beef":2,"minecraft:pointed_dripstone":4,"minecraft:water_bucket":2,"minecraft:diorite":3,"minecraft:snow_block":1,"minecraft:stone_pickaxe":397,"minecraft:ender_pearl":1,"minecraft:wooden_pickaxe":61,"minecraft:terracotta":12,"immersive_weathering:mossy_stone":1,"minecraft:crafting_table":15,"minecraft:light_gray_terracotta":3,"max_armory:copper_sword":40,"rottencreatures:treasure_chest":1,"minecraft:lever":3,"minecraft:bread":8,"minecraft:iron_pickaxe":411,"minecraft:spruce_sapling":1,"mutantmonsters:mutant_snow_golem_spawn_egg":1,"minecraft:stone_axe":96,"minecraft:diamond_sword":58,"minecraft:wooden_sword":28,"minecraft:cobblestone":97,"minecraft:cooked_porkchop":2,"minecraft:bucket":3,"alexsmobs:animal_dictionary":1},"minecraft:dropped":{"minecraft:enchanted_book":2,"minecraft:iron_ingot":2,"minecraft:bread":65,"minecraft:tnt":6,"minecraft:mossy_cobblestone":2,"minecraft:ender_pearl":2,"minecraft:diamond":5,"minecraft:dripstone_block":4,"minecraft:leather":6,"max_armory:copper_sword":1,"minecraft:grass_block":1,"minecraft:coal":70,"minecraft:torch":1,"minecraft:snowball":4,"minecraft:diamond_helmet":3,"minecraft:wooden_sword":1,"minecraft:iron_pickaxe":3,"minecraft:bucket":2,"minecraft:snow_block":1,"minecraft:anvil":1,"minecraft:furnace":1,"minecraft:stone_axe":1,"minecraft:stone_sword":1,"minecraft:oak_planks":56,"minecraft:iron_boots":2,"mekanism:raw_tin":10,"alexsmobs:froststalker_horn":2,"minecraft:diamond_sword":3,"minecraft:snow":14,"minecraft:shield":2,"minecraft:powder_snow_bucket":1,"immersive_weathering:spruce_leaf_pile":1,"minecraft:spruce_planks":45,"minecraft:iron_chestplate":3,"minecraft:mossy_stone_bricks":2,"rottencreatures:frozen_rotten_flesh":2,"minecraft:stone_bricks":3,"minecraft:spruce_log":2,"minecraft:wooden_pickaxe":1,"minecraft:stone_pickaxe":4},"minecraft:broken":{"minecraft:stone_pickaxe":2,"minecraft:iron_sword":1,"minecraft:iron_pickaxe":2},"minecraft:picked_up":{"rottencreatures:frozen_rotten_flesh":18,"minecraft:crafting_table":20,"minecraft:iron_chestplate":16,"minecraft:anvil":3,"minecraft:packed_ice":8,"minecraft:diamond_sword":5,"minecraft:wooden_pickaxe":8,"minecraft:enchanted_book":16,"alexsmobs:froststalker_horn":5,"minecraft:shield":16,"minecraft:string":120,"minecraft:raw_copper":716,"minecraft:wooden_sword":2,"minecraft:snow":13,"minecraft:iron_leggings":11,"minecraft:experience_bottle":1,"minecraft:cracked_stone_bricks":11,"minecraft:gold_nugget":56,"minecraft:bucket":7,"minecraft:spruce_planks":252,"immersive_weathering:spruce_leaf_pile":1,"minecraft:beef":5,"minecraft:iron_nugget":65,"minecraft:iron_pickaxe":11,"rottencreatures:treasure_chest":1,"minecraft:iron_boots":13,"minecraft:furnace":12,"minecraft:tipped_arrow":3,"minecraft:stick":102,"minecraft:raw_iron":176,"minecraft:brown_terracotta":11,"minecraft:copper_ingot":77,"minecraft:torch":610,"minecraft:porkchop":5,"minecraft:snow_block":1,"minecraft:pointed_dripstone":16,"minecraft:diorite":9,"minecraft:carrot":2,"minecraft:redstone":8,"minecraft:brown_dye":6,"mekanism:raw_tin":93,"minecraft:tnt":42,"minecraft:arrow":3,"minecraft:stone_sword":8,"minecraft:rotten_flesh":151,"k_turrets:raw_titanium":84,"farmersdelight:rope":35,"minecraft:white_terracotta":4,"minecraft:cod":2,"minecraft:snowball":88,"minecraft:cobblestone":1703,"minecraft:stripped_oak_log":3,"minecraft:glow_ink_sac":3,"immersive_weathering:mossy_stone":1,"minecraft:cooked_beef":2,"mekanism:raw_lead":148,"minecraft:water_bucket":9,"minecraft:leather":26,"minecraft:powder_snow_bucket":4,"minecraft:filled_map":10,"minecraft:flint":2,"minecraft:oak_log":37,"minecraft:gunpowder":48,"minecraft:lapis_lazuli":9,"minecraft:dirt":26,"minecraft:leather_boots":3,"minecraft:bone":159,"minecraft:stone_bricks":19,"minecraft:raw_gold":61,"minecraft:stone_pickaxe":15,"minecraft:iron_ingot":26,"minecraft:mossy_stone_bricks":9,"minecraft:diamond_helmet":5,"minecraft:iron_sword":13,"minecraft:oak_planks":250,"minecraft:book":21,"minecraft:cooked_porkchop":7,"minecraft:poisonous_potato":9,"minecraft:dripstone_block":34,"minecraft:gravel":30,"minecraft:sand":1,"mekanism:ingot_tin":20,"minecraft:spruce_sapling":2,"minecraft:spruce_log":32,"alexsmobs:animal_dictionary":2,"mekanism:raw_osmium":104,"minecraft:spider_eye":26,"minecraft:mossy_cobblestone":7,"minecraft:light_gray_terracotta":6,"rottencreatures:tnt_barrel":2,"minecraft:slime_ball":4,"max_armory:copper_sword":8,"minecraft:diamond":16,"minecraft:stone_axe":21,"minecraft:iron_helmet":13,"minecraft:blue_ice":2,"mekanism:fluorite_gem":12,"minecraft:golden_horse_armor":2,"minecraft:emerald":11,"minecraft:bread":14,"minecraft:terracotta":111,"minecraft:coal":1092,"minecraft:ender_pearl":8}},"DataVersion":2975}