{"stats":{"minecraft:crafted":{"minecraft:oak_planks":20,"minecraft:birch_wood":3,"minecraft:crafting_table":2,"minecraft:wooden_pickaxe":1,"minecraft:birch_planks":20,"minecraft:stone_axe":1,"minecraft:stick":32,"minecraft:stone_pickaxe":1,"minecraft:stone_sword":1,"minecraft:torch":64},"minecraft:mined":{"minecraft:blackstone":15,"byg:yellow_daffodil":1,"minecraft:white_stained_glass_pane":2,"byg:pink_allium":1,"byg:soapstone":2,"byg:orchard_leaves":4,"minecraft:birch_log":7,"minecraft:grass":1,"minecraft:oak_log":8,"minecraft:coal_ore":16,"projectvibrantjourneys:short_grass":7,"byg:ripe_orchard_leaves":1,"minecraft:smooth_basalt":1,"minecraft:stone":1,"minecraft:stone_bricks":2},"minecraft:killed":{"minecraft:zombie":2},"minecraft:killed_by":{"mutantmonsters:creeper_minion":1,"minecraft:spider":1,"minecraft:zombie":7,"minecraft:drowned":2,"mutantmonsters:mutant_creeper":4},"minecraft:picked_up":{"minecraft:birch_log":7,"byg:soapstone":1,"minecraft:ladder":4,"minecraft:wooden_pickaxe":2,"minecraft:birch_planks":26,"minecraft:oak_log":15,"minecraft:gunpowder":1,"byg:white_sand":5,"minecraft:string":3,"minecraft:dirt":53,"minecraft:moss_carpet":1,"minecraft:raw_copper":3,"minecraft:bone":2,"minecraft:blackstone":23,"minecraft:apple":2,"minecraft:iron_ingot":4,"minecraft:stone_pickaxe":2,"minecraft:birch_sapling":6,"minecraft:oak_planks":24,"byg:yellow_daffodil":2,"minecraft:stick":5,"minecraft:smooth_basalt":2,"minecraft:torch":1,"minecraft:spider_eye":1,"byg:lollipop_flower":2,"minecraft:stone_sword":1,"minecraft:rotten_flesh":17,"minecraft:slime_ball":1,"minecraft:stone_axe":1,"minecraft:coal":16,"minecraft:snowball":14,"minecraft:cobblestone":4},"minecraft:custom":{"minecraft:mob_kills":6,"minecraft:interact_with_crafting_table":4,"minecraft:leave_game":9,"minecraft:time_since_death":4347,"minecraft:time_since_rest":5324,"minecraft:sprint_one_cm":75578,"minecraft:damage_taken":3518,"minecraft:walk_one_cm":59116,"minecraft:damage_blocked_by_shield":30,"minecraft:damage_dealt":1188,"minecraft:swim_one_cm":14113,"minecraft:fly_one_cm":173339,"minecraft:crouch_one_cm":8313,"minecraft:play_time":30401,"minecraft:deaths":15,"minecraft:sneak_time":2807,"minecraft:walk_under_water_one_cm":1329,"minecraft:jump":626,"minecraft:walk_on_water_one_cm":5038,"minecraft:total_world_time":32134,"minecraft:fall_one_cm":20418},"minecraft:used":{"minecraft:moss_carpet":1,"minecraft:stone_sword":12,"minecraft:stone_pickaxe":38,"minecraft:blackstone":5,"minecraft:shield":1,"minecraft:wooden_pickaxe":4,"minecraft:stone":201,"minecraft:torch":4,"minecraft:dirt":34,"minecraft:crafting_table":2,"minecraft:snowball":5,"minecraft:oak_log":1,"mutantmonsters:mutant_creeper_spawn_egg":1,"minecraft:grass_block":31,"minecraft:gravel":13,"minecraft:wooden_sword":15}},"DataVersion":2975}