{"stats":{"minecraft:crafted":{"minecraft:oak_planks":160,"minecraft:cooked_chicken":1,"max_armory:copper_sword":1,"minecraft:iron_boots":3,"minecraft:chest":4,"mekanism:ingot_tin":4,"minecraft:crafting_table":5,"minecraft:spruce_planks":148,"minecraft:wooden_pickaxe":2,"minecraft:iron_helmet":1,"minecraft:copper_ingot":8,"minecraft:iron_chestplate":3,"minecraft:shield":3,"minecraft:stick":116,"minecraft:iron_pickaxe":4,"minecraft:iron_ingot":64,"minecraft:stone_sword":8,"minecraft:redstone_torch":1,"minecraft:furnace":3,"minecraft:iron_axe":1,"minecraft:stone_pickaxe":4,"minecraft:iron_sword":2,"minecraft:bucket":2,"minecraft:stone_axe":2,"minecraft:air":0,"minecraft:iron_leggings":1,"minecraft:torch":320},"minecraft:custom":{"minecraft:interact_with_crafting_table":59,"minecraft:open_barrel":2,"minecraft:leave_game":3,"minecraft:time_since_death":523,"minecraft:sprint_one_cm":674078,"minecraft:damage_blocked_by_shield":490,"minecraft:drop":180,"minecraft:talked_to_villager":1,"minecraft:play_time":239003,"minecraft:deaths":41,"minecraft:jump":3051,"minecraft:walk_on_water_one_cm":18109,"minecraft:interact_with_furnace":82,"minecraft:damage_dealt":32475,"minecraft:player_kills":1,"minecraft:crouch_one_cm":22223,"minecraft:mob_kills":120,"minecraft:damage_dealt_resisted":1381,"minecraft:climb_one_cm":23567,"minecraft:walk_one_cm":621638,"minecraft:damage_dealt_absorbed":122,"minecraft:sneak_time":6806,"minecraft:walk_under_water_one_cm":3207,"minecraft:total_world_time":239229,"minecraft:time_since_rest":556,"minecraft:damage_taken":13547,"minecraft:swim_one_cm":4186,"minecraft:fly_one_cm":1033987,"minecraft:open_chest":89,"minecraft:fall_one_cm":53637},"minecraft:killed_by":{"alexsmobs:tusklin":6,"minecraft:zombie":8,"rottencreatures:skeleton_lackey":2,"rottencreatures:undead_miner":6,"minecraft:player":5,"minecraft:stray":1,"rottencreatures:zombie_lackey":5,"rottencreatures:swampy":2,"mutantmonsters:mutant_skeleton":1},"minecraft:killed":{"minecraft:cave_spider":7,"minecraft:witch":1,"alexsmobs:froststalker":7,"minecraft:chicken":1,"rottencreatures:dead_beard":4,"rottencreatures:frostbitten":7,"rottencreatures:zombie_lackey":16,"minecraft:zombie":27,"minecraft:stray":5,"alexsmobs:fly":1,"rottencreatures:swampy":4,"minecraft:cow":2,"mutantmonsters:mutant_snow_golem":1,"alexsmobs:tusklin":3,"rottencreatures:undead_miner":11,"rottencreatures:glacial_hunter":1,"mutantmonsters:creeper_minion":3,"rottencreatures:skeleton_lackey":15,"alexsmobs:moose":1},"minecraft:mined":{"minecraft:spruce_planks":2,"immersive_weathering:frost":1,"minecraft:cracked_polished_blackstone_bricks":2,"minecraft:spawner":7,"minecraft:light_blue_stained_glass":2,"minecraft:polished_blackstone_bricks":2,"minecraft:iron_ore":37,"immersive_weathering:mossy_stone":1,"minecraft:anvil":1,"minecraft:dark_oak_stairs":3,"minecraft:pointed_dripstone":4,"minecraft:iron_block":1,"minecraft:piston_head":2,"immersive_weathering:frosty_glass":1,"mekanism:osmium_ore":15,"minecraft:quartz_block":4,"minecraft:cyan_terracotta":1,"immersive_weathering:spruce_leaf_pile":13,"minecraft:powder_snow":6,"minecraft:torch":8,"minecraft:chest":3,"minecraft:dead_bush":3,"mekanism:tin_ore":15,"minecraft:glass":4,"minecraft:cobblestone":34,"minecraft:oak_planks":2,"minecraft:wall_torch":8,"minecraft:deepslate_copper_ore":5,"minecraft:smooth_stone_slab":1,"minecraft:oak_log":38,"mekanism:lead_ore":18,"minecraft:dirt":3,"minecraft:stonecutter":1,"minecraft:oak_leaves":1,"minecraft:blue_stained_glass_pane":1,"minecraft:mossy_cobblestone":2,"projectvibrantjourneys:rocks":1,"minecraft:gray_stained_glass_pane":4,"minecraft:dark_oak_fence":1,"minecraft:spruce_leaves":7,"minecraft:sandstone":1,"minecraft:light_blue_wall_banner":2,"minecraft:furnace":9,"minecraft:stripped_spruce_log":1,"minecraft:bookshelf":15,"minecraft:vine":1,"minecraft:lantern":1,"minecraft:stripped_oak_log":3,"minecraft:packed_ice":1,"minecraft:stone":356,"projectvibrantjourneys:icicle":1,"immersive_weathering:cryosol":2,"immersive_weathering:icicle":2,"minecraft:crafting_table":10,"minecraft:copper_ore":37,"minecraft:deepslate_coal_ore":2,"minecraft:diorite":3,"minecraft:blue_bed":2,"minecraft:cobblestone_wall":1,"minecraft:spruce_log":36,"k_turrets:titanium_ore":7,"minecraft:coal_ore":229,"minecraft:dripstone_block":3,"minecraft:gravel":9,"minecraft:cobweb":5,"minecraft:cracked_stone_bricks":9,"minecraft:terracotta":7,"minecraft:polished_blackstone":2,"minecraft:stone_bricks":8,"minecraft:mossy_stone_bricks":2,"minecraft:gold_ore":12},"minecraft:used":{"minecraft:light_blue_banner":2,"minecraft:polished_blackstone":2,"minecraft:chest":6,"minecraft:shield":16,"minecraft:iron_sword":258,"minecraft:rotten_flesh":31,"minecraft:iron_chestplate":3,"rottencreatures:glacial_hunter_spawn_egg":1,"minecraft:quartz_block":4,"minecraft:iron_helmet":3,"minecraft:stone_bricks":2,"minecraft:repeater":8,"minecraft:snow":9,"minecraft:furnace":13,"minecraft:cooked_cod":1,"rottencreatures:frozen_rotten_flesh":10,"minecraft:diorite":3,"minecraft:stone_pickaxe":397,"minecraft:ender_pearl":1,"minecraft:wooden_pickaxe":61,"immersive_weathering:mossy_stone":1,"minecraft:light_gray_terracotta":3,"max_armory:copper_sword":40,"minecraft:dripstone_block":3,"minecraft:redstone_torch":1,"minecraft:lever":3,"rottencreatures:treasure_chest":3,"minecraft:bread":15,"rottencreatures:tnt_barrel":1,"mutantmonsters:mutant_snow_golem_spawn_egg":1,"minecraft:diamond_sword":235,"minecraft:wooden_sword":28,"minecraft:smooth_stone_slab":2,"minecraft:experience_bottle":1,"minecraft:stone_sword":115,"minecraft:redstone":10,"immersive_weathering:spruce_leaf_pile":1,"minecraft:cooked_chicken":1,"minecraft:torch":206,"minecraft:dirt":7,"minecraft:anvil":1,"minecraft:iron_axe":29,"minecraft:iron_boots":4,"minecraft:cooked_beef":2,"minecraft:iron_leggings":3,"minecraft:pointed_dripstone":4,"minecraft:cooked_mutton":1,"minecraft:water_bucket":7,"minecraft:snow_block":1,"minecraft:cracked_stone_bricks":13,"minecraft:polished_blackstone_bricks":2,"minecraft:terracotta":14,"minecraft:crafting_table":16,"minecraft:cracked_polished_blackstone_bricks":2,"minecraft:iron_pickaxe":457,"minecraft:spruce_sapling":1,"minecraft:stone_axe":96,"minecraft:cobblestone":102,"minecraft:cooked_porkchop":2,"minecraft:bucket":8,"alexsmobs:animal_dictionary":1},"minecraft:dropped":{"minecraft:dark_oak_stairs":2,"minecraft:lapis_lazuli":9,"minecraft:ender_pearl":3,"minecraft:diamond":5,"minecraft:leather":14,"minecraft:cracked_stone_bricks":5,"max_armory:copper_sword":1,"minecraft:emerald":6,"minecraft:snowball":4,"minecraft:wooden_sword":1,"minecraft:iron_pickaxe":3,"minecraft:blue_bed":1,"minecraft:gold_ingot":10,"minecraft:bone":10,"minecraft:stone_axe":1,"minecraft:iron_nugget":39,"minecraft:rotten_flesh":69,"minecraft:oak_planks":216,"mekanism:raw_tin":10,"alexsmobs:froststalker_horn":2,"minecraft:gunpowder":24,"immersive_weathering:spruce_leaf_pile":1,"minecraft:chest":3,"farmersdelight:rope":15,"rottencreatures:frozen_rotten_flesh":8,"minecraft:enchanted_book":2,"minecraft:water_bucket":1,"minecraft:iron_ingot":2,"minecraft:bread":65,"minecraft:tnt":12,"minecraft:mossy_cobblestone":2,"minecraft:dripstone_block":4,"minecraft:cobblestone":54,"minecraft:book":21,"minecraft:copper_ingot":10,"minecraft:grass_block":1,"minecraft:coal":127,"minecraft:torch":1,"minecraft:diamond_helmet":3,"minecraft:bucket":2,"minecraft:redstone":3,"minecraft:snow_block":1,"minecraft:furnace":1,"minecraft:anvil":1,"minecraft:brown_dye":4,"minecraft:stone_sword":2,"minecraft:raw_copper":70,"farmersdelight:cabbage_seeds":1,"minecraft:iron_boots":2,"minecraft:diamond_sword":3,"minecraft:snow":14,"minecraft:shield":2,"minecraft:powder_snow_bucket":1,"minecraft:spruce_planks":45,"minecraft:iron_chestplate":3,"minecraft:mossy_stone_bricks":3,"minecraft:blue_ice":2,"minecraft:stone_bricks":20,"minecraft:spruce_log":2,"minecraft:stone_pickaxe":4,"minecraft:wooden_pickaxe":1,"minecraft:raw_gold":18},"minecraft:broken":{"minecraft:stone_pickaxe":2,"minecraft:iron_sword":1,"minecraft:iron_pickaxe":2,"minecraft:iron_helmet":1},"minecraft:picked_up":{"rottencreatures:frozen_rotten_flesh":37,"minecraft:iron_chestplate":21,"minecraft:anvil":6,"minecraft:diamond_sword":14,"minecraft:enchanted_book":16,"minecraft:string":129,"minecraft:raw_copper":996,"minecraft:smooth_stone_slab":2,"minecraft:iron_leggings":18,"minecraft:experience_bottle":5,"minecraft:gold_nugget":299,"minecraft:bucket":7,"minecraft:spruce_planks":252,"minecraft:redstone_torch":3,"minecraft:iron_pickaxe":14,"farmersdelight:cabbage_seeds":2,"minecraft:furnace":19,"minecraft:iron_boots":17,"rottencreatures:treasure_chest":4,"minecraft:tipped_arrow":3,"minecraft:stick":111,"minecraft:brown_terracotta":11,"minecraft:torch":715,"minecraft:snow_block":1,"minecraft:porkchop":27,"minecraft:pointed_dripstone":16,"minecraft:diorite":9,"mekanism:raw_tin":93,"minecraft:quartz_block":4,"minecraft:stone_sword":12,"minecraft:rotten_flesh":308,"minecraft:iron_block":2,"farmersdelight:rope":95,"minecraft:white_terracotta":4,"minecraft:snowball":130,"minecraft:cod":2,"minecraft:cobblestone":1876,"immersive_weathering:mossy_stone":1,"minecraft:cooked_beef":2,"minecraft:water_bucket":14,"minecraft:powder_snow_bucket":4,"minecraft:potato":8,"minecraft:flint":2,"minecraft:map":2,"minecraft:lapis_lazuli":71,"minecraft:dirt":42,"minecraft:lantern":2,"minecraft:leather_boots":3,"minecraft:bone":313,"minecraft:stonecutter":2,"minecraft:raw_gold":115,"minecraft:mossy_stone_bricks":12,"minecraft:diamond_helmet":5,"minecraft:oak_planks":546,"minecraft:cooked_porkchop":7,"minecraft:poisonous_potato":9,"minecraft:sand":1,"minecraft:mossy_cobblestone":7,"alexsmobs:animal_dictionary":2,"minecraft:light_gray_terracotta":6,"minecraft:diamond":18,"rottencreatures:tnt_barrel":9,"minecraft:cracked_polished_blackstone_bricks":2,"minecraft:blue_ice":8,"alexsmobs:moose_ribs":6,"minecraft:bread":27,"minecraft:golden_horse_armor":2,"minecraft:emerald":42,"minecraft:dark_oak_fence":1,"minecraft:fishing_rod":1,"minecraft:crafting_table":22,"minecraft:chicken":3,"minecraft:clay_ball":2,"minecraft:packed_ice":8,"minecraft:wooden_pickaxe":8,"alexsmobs:froststalker_horn":7,"minecraft:shield":23,"minecraft:iron_axe":2,"minecraft:wooden_sword":2,"minecraft:snow":13,"minecraft:item_frame":2,"minecraft:cracked_stone_bricks":39,"immersive_weathering:spruce_leaf_pile":1,"minecraft:beef":5,"minecraft:iron_nugget":346,"minecraft:chest":5,"minecraft:raw_iron":183,"minecraft:sandstone":1,"minecraft:copper_ingot":107,"minecraft:polished_blackstone_bricks":2,"minecraft:stone_button":2,"minecraft:carrot":2,"minecraft:redstone":20,"immersive_weathering:permafrost":3,"minecraft:brown_dye":14,"minecraft:tnt":60,"minecraft:arrow":3,"minecraft:cooked_cod":1,"k_turrets:raw_titanium":84,"minecraft:gold_ingot":77,"minecraft:polished_blackstone":2,"minecraft:stripped_oak_log":3,"mekanism:raw_lead":217,"minecraft:glow_ink_sac":3,"projectvibrantjourneys:icicle":4,"minecraft:leather":42,"minecraft:filled_map":10,"minecraft:oak_log":37,"minecraft:gunpowder":111,"minecraft:cobblestone_wall":7,"minecraft:blue_bed":3,"minecraft:paper":18,"minecraft:cooked_mutton":1,"minecraft:light_blue_banner":2,"minecraft:stone_bricks":91,"minecraft:iron_ingot":32,"minecraft:stone_pickaxe":15,"minecraft:glass_bottle":2,"minecraft:iron_sword":13,"minecraft:dark_oak_stairs":2,"minecraft:book":108,"minecraft:dripstone_block":34,"minecraft:gravel":30,"mekanism:ingot_tin":20,"minecraft:spruce_sapling":2,"minecraft:spruce_log":39,"mekanism:raw_osmium":149,"minecraft:spider_eye":26,"minecraft:slime_ball":5,"max_armory:copper_sword":8,"minecraft:stone_axe":21,"minecraft:iron_helmet":21,"mekanism:fluorite_gem":12,"minecraft:terracotta":130,"minecraft:coal":1383,"minecraft:ender_pearl":12}},"DataVersion":2975}