{"stats":{"minecraft:dropped":{"minecraft:snow_block":1,"minecraft:bread":65,"minecraft:snow":14,"immersive_weathering:spruce_leaf_pile":1,"minecraft:wooden_sword":1,"minecraft:spruce_log":2,"minecraft:wooden_pickaxe":1,"minecraft:grass_block":1},"minecraft:custom":{"minecraft:time_since_rest":20663,"minecraft:sprint_one_cm":66578,"minecraft:damage_taken":825,"minecraft:walk_one_cm":83529,"minecraft:mob_kills":1,"minecraft:drop":86,"minecraft:damage_dealt":799,"minecraft:interact_with_crafting_table":2,"minecraft:fly_one_cm":392782,"minecraft:open_chest":1,"minecraft:crouch_one_cm":958,"minecraft:play_time":41830,"minecraft:deaths":2,"minecraft:sneak_time":603,"minecraft:walk_under_water_one_cm":101,"minecraft:jump":415,"minecraft:leave_game":3,"minecraft:walk_on_water_one_cm":226,"minecraft:time_since_death":20629,"minecraft:climb_one_cm":208,"minecraft:total_world_time":42056,"minecraft:fall_one_cm":5528},"minecraft:killed":{"mutantmonsters:mutant_snow_golem":1},"minecraft:mined":{"mekanism:osmium_ore":5,"immersive_weathering:icicle":2,"immersive_weathering:spruce_leaf_pile":12,"minecraft:spruce_log":15,"minecraft:powder_snow":1,"minecraft:crafting_table":1,"minecraft:coal_ore":25,"minecraft:dirt":1,"minecraft:spruce_leaves":5,"minecraft:stone":81},"minecraft:picked_up":{"minecraft:crafting_table":1,"minecraft:snow_block":1,"minecraft:spruce_sapling":1,"minecraft:dirt":1,"minecraft:spruce_log":18,"minecraft:shield":2,"mekanism:raw_osmium":5,"alexsmobs:animal_dictionary":1,"minecraft:wooden_sword":2,"minecraft:snow":13,"minecraft:leather_boots":2,"immersive_weathering:spruce_leaf_pile":1,"minecraft:bread":10,"minecraft:coal":24,"minecraft:snowball":16,"minecraft:cobblestone":80},"minecraft:used":{"minecraft:lever":3,"minecraft:snow_block":1,"rottencreatures:glacial_hunter_spawn_egg":1,"minecraft:bread":2,"minecraft:stone_pickaxe":103,"minecraft:redstone":10,"minecraft:wooden_pickaxe":18,"immersive_weathering:spruce_leaf_pile":1,"mutantmonsters:mutant_snow_golem_spawn_egg":1,"minecraft:stone_axe":7,"minecraft:wooden_sword":28,"minecraft:repeater":8,"minecraft:dirt":1,"minecraft:cobblestone":1,"minecraft:snow":9,"minecraft:crafting_table":2,"alexsmobs:animal_dictionary":1},"minecraft:killed_by":{"mutantmonsters:mutant_skeleton":1,"minecraft:zombie":1},"minecraft:crafted":{"minecraft:crafting_table":1,"minecraft:spruce_planks":60,"minecraft:stick":12,"minecraft:stone_pickaxe":1,"minecraft:wooden_pickaxe":1,"minecraft:stone_sword":1,"minecraft:stone_axe":1}},"DataVersion":2975}