{"stats":{"minecraft:crafted":{"minecraft:oak_planks":160,"max_armory:copper_sword":1,"minecraft:furnace":3,"minecraft:iron_boots":2,"minecraft:stone_pickaxe":4,"mekanism:ingot_tin":4,"minecraft:crafting_table":5,"minecraft:spruce_planks":120,"minecraft:wooden_pickaxe":2,"minecraft:iron_helmet":1,"minecraft:iron_sword":1,"minecraft:copper_ingot":8,"minecraft:bucket":2,"minecraft:stone_axe":2,"minecraft:air":0,"minecraft:iron_chestplate":2,"minecraft:shield":2,"minecraft:stick":104,"minecraft:iron_ingot":51,"minecraft:iron_pickaxe":3,"minecraft:stone_sword":3,"minecraft:iron_leggings":1,"minecraft:torch":320},"minecraft:custom":{"minecraft:mob_kills":44,"minecraft:interact_with_crafting_table":43,"minecraft:open_barrel":1,"minecraft:damage_dealt_resisted":76,"minecraft:leave_game":3,"minecraft:time_since_death":10841,"minecraft:climb_one_cm":8026,"minecraft:sprint_one_cm":376373,"minecraft:walk_one_cm":402353,"minecraft:damage_blocked_by_shield":240,"minecraft:drop":131,"minecraft:damage_dealt_absorbed":40,"minecraft:play_time":167003,"minecraft:deaths":25,"minecraft:sneak_time":4394,"minecraft:walk_under_water_one_cm":3207,"minecraft:jump":2210,"minecraft:walk_on_water_one_cm":10243,"minecraft:total_world_time":167229,"minecraft:interact_with_furnace":63,"minecraft:time_since_rest":10866,"minecraft:damage_taken":8225,"minecraft:damage_dealt":15737,"minecraft:player_kills":1,"minecraft:swim_one_cm":4186,"minecraft:fly_one_cm":626245,"minecraft:open_chest":3,"minecraft:crouch_one_cm":12626,"minecraft:fall_one_cm":41416},"minecraft:killed_by":{"minecraft:player":4,"alexsmobs:tusklin":2,"rottencreatures:swampy":2,"mutantmonsters:mutant_skeleton":1,"minecraft:zombie":6,"rottencreatures:undead_miner":6},"minecraft:killed":{"minecraft:cave_spider":7,"alexsmobs:froststalker":4,"mutantmonsters:mutant_snow_golem":1,"rottencreatures:undead_miner":11,"rottencreatures:frostbitten":1,"mutantmonsters:creeper_minion":3,"minecraft:zombie":16,"rottencreatures:swampy":4,"minecraft:cow":2},"minecraft:mined":{"minecraft:spruce_planks":2,"minecraft:mossy_cobblestone":2,"immersive_weathering:frost":1,"projectvibrantjourneys:rocks":1,"minecraft:spruce_leaves":5,"minecraft:spawner":2,"minecraft:furnace":6,"immersive_weathering:mossy_stone":1,"minecraft:iron_ore":37,"minecraft:anvil":1,"minecraft:bookshelf":7,"minecraft:pointed_dripstone":4,"minecraft:vine":1,"minecraft:packed_ice":1,"minecraft:stripped_oak_log":3,"minecraft:stone":347,"immersive_weathering:cryosol":2,"immersive_weathering:frosty_glass":1,"mekanism:osmium_ore":15,"immersive_weathering:icicle":2,"immersive_weathering:spruce_leaf_pile":13,"minecraft:powder_snow":6,"minecraft:crafting_table":9,"minecraft:torch":8,"minecraft:dead_bush":3,"mekanism:tin_ore":15,"minecraft:copper_ore":37,"minecraft:cobblestone":13,"minecraft:deepslate_coal_ore":2,"minecraft:diorite":3,"minecraft:wall_torch":8,"minecraft:deepslate_copper_ore":5,"minecraft:spruce_log":29,"k_turrets:titanium_ore":7,"minecraft:oak_log":38,"minecraft:coal_ore":229,"mekanism:lead_ore":18,"minecraft:gravel":9,"minecraft:dripstone_block":3,"minecraft:dirt":3,"minecraft:cobweb":3,"minecraft:terracotta":6,"minecraft:stone_bricks":4,"minecraft:mossy_stone_bricks":2,"minecraft:gold_ore":12},"minecraft:used":{"minecraft:stone_sword":115,"minecraft:redstone":10,"minecraft:shield":10,"minecraft:iron_sword":156,"immersive_weathering:spruce_leaf_pile":1,"minecraft:rotten_flesh":14,"minecraft:iron_chestplate":2,"minecraft:torch":203,"minecraft:dirt":7,"rottencreatures:glacial_hunter_spawn_egg":1,"minecraft:iron_helmet":2,"minecraft:iron_boots":2,"minecraft:repeater":8,"minecraft:snow":9,"minecraft:furnace":10,"minecraft:cooked_beef":2,"minecraft:pointed_dripstone":4,"minecraft:water_bucket":1,"minecraft:diorite":3,"minecraft:snow_block":1,"minecraft:stone_pickaxe":397,"minecraft:ender_pearl":1,"minecraft:wooden_pickaxe":61,"minecraft:terracotta":2,"immersive_weathering:mossy_stone":1,"minecraft:crafting_table":14,"minecraft:light_gray_terracotta":3,"max_armory:copper_sword":40,"minecraft:lever":3,"minecraft:bread":8,"minecraft:iron_pickaxe":362,"minecraft:spruce_sapling":1,"mutantmonsters:mutant_snow_golem_spawn_egg":1,"minecraft:stone_axe":94,"minecraft:diamond_sword":14,"minecraft:wooden_sword":28,"minecraft:cobblestone":73,"minecraft:cooked_porkchop":2,"minecraft:bucket":2,"alexsmobs:animal_dictionary":1},"minecraft:dropped":{"minecraft:enchanted_book":2,"minecraft:iron_ingot":2,"minecraft:bread":65,"minecraft:tnt":6,"minecraft:mossy_cobblestone":2,"minecraft:ender_pearl":2,"minecraft:diamond":2,"minecraft:dripstone_block":4,"minecraft:leather":6,"max_armory:copper_sword":1,"minecraft:grass_block":1,"minecraft:coal":70,"minecraft:torch":1,"minecraft:snowball":4,"minecraft:diamond_helmet":2,"minecraft:wooden_sword":1,"minecraft:iron_pickaxe":2,"minecraft:bucket":2,"minecraft:snow_block":1,"minecraft:furnace":1,"minecraft:stone_axe":1,"minecraft:stone_sword":1,"minecraft:iron_boots":2,"alexsmobs:froststalker_horn":2,"minecraft:diamond_sword":2,"minecraft:snow":14,"minecraft:shield":2,"minecraft:powder_snow_bucket":1,"immersive_weathering:spruce_leaf_pile":1,"minecraft:spruce_planks":45,"minecraft:iron_chestplate":3,"minecraft:mossy_stone_bricks":2,"minecraft:stone_bricks":3,"minecraft:spruce_log":2,"minecraft:wooden_pickaxe":1,"minecraft:stone_pickaxe":4},"minecraft:broken":{"minecraft:stone_pickaxe":2,"minecraft:iron_pickaxe":2},"minecraft:picked_up":{"minecraft:crafting_table":20,"minecraft:iron_chestplate":13,"minecraft:anvil":1,"minecraft:packed_ice":6,"minecraft:diamond_sword":3,"minecraft:wooden_pickaxe":8,"minecraft:enchanted_book":12,"alexsmobs:froststalker_horn":2,"minecraft:shield":13,"minecraft:string":99,"minecraft:raw_copper":716,"minecraft:wooden_sword":2,"minecraft:snow":13,"minecraft:iron_leggings":7,"minecraft:bucket":2,"minecraft:spruce_planks":252,"immersive_weathering:spruce_leaf_pile":1,"minecraft:beef":5,"minecraft:iron_pickaxe":8,"minecraft:iron_boots":9,"minecraft:furnace":12,"minecraft:stick":96,"minecraft:raw_iron":155,"minecraft:brown_terracotta":11,"minecraft:copper_ingot":72,"minecraft:torch":507,"minecraft:porkchop":5,"minecraft:snow_block":1,"minecraft:pointed_dripstone":16,"minecraft:diorite":9,"minecraft:brown_dye":2,"mekanism:raw_tin":73,"minecraft:tnt":36,"minecraft:stone_sword":3,"minecraft:rotten_flesh":85,"k_turrets:raw_titanium":68,"minecraft:white_terracotta":4,"minecraft:snowball":33,"minecraft:cobblestone":1434,"minecraft:stripped_oak_log":3,"minecraft:glow_ink_sac":1,"immersive_weathering:mossy_stone":1,"minecraft:cooked_beef":2,"mekanism:raw_lead":148,"minecraft:water_bucket":8,"minecraft:leather":12,"minecraft:powder_snow_bucket":4,"minecraft:filled_map":8,"minecraft:flint":2,"minecraft:oak_log":37,"minecraft:gunpowder":12,"minecraft:dirt":26,"minecraft:leather_boots":3,"minecraft:bone":49,"minecraft:stone_bricks":14,"minecraft:raw_gold":61,"minecraft:stone_pickaxe":15,"minecraft:iron_ingot":21,"minecraft:mossy_stone_bricks":9,"minecraft:diamond_helmet":3,"minecraft:iron_sword":10,"minecraft:oak_planks":156,"minecraft:book":21,"minecraft:cooked_porkchop":3,"minecraft:poisonous_potato":3,"minecraft:dripstone_block":30,"minecraft:gravel":30,"mekanism:ingot_tin":16,"minecraft:spruce_sapling":2,"minecraft:spruce_log":32,"alexsmobs:animal_dictionary":2,"mekanism:raw_osmium":104,"minecraft:spider_eye":20,"minecraft:mossy_cobblestone":7,"minecraft:light_gray_terracotta":6,"minecraft:slime_ball":1,"max_armory:copper_sword":6,"minecraft:diamond":12,"minecraft:stone_axe":19,"minecraft:iron_helmet":11,"mekanism:fluorite_gem":4,"minecraft:bread":14,"minecraft:terracotta":43,"minecraft:coal":1028,"minecraft:ender_pearl":7}},"DataVersion":2975}