{"stats":{"minecraft:broken":{"minecraft:stone_pickaxe":2},"minecraft:dropped":{"minecraft:enchanted_book":2,"minecraft:bread":65,"minecraft:tnt":6,"minecraft:mossy_cobblestone":2,"minecraft:ender_pearl":2,"minecraft:dripstone_block":4,"minecraft:leather":6,"max_armory:copper_sword":1,"minecraft:grass_block":1,"minecraft:coal":70,"minecraft:torch":1,"minecraft:snowball":4,"minecraft:diamond_helmet":2,"minecraft:wooden_sword":1,"minecraft:iron_pickaxe":2,"minecraft:bucket":2,"minecraft:snow_block":1,"minecraft:stone_axe":1,"minecraft:stone_sword":1,"minecraft:iron_boots":1,"minecraft:diamond_sword":2,"minecraft:snow":14,"minecraft:shield":2,"minecraft:powder_snow_bucket":1,"immersive_weathering:spruce_leaf_pile":1,"minecraft:spruce_planks":45,"minecraft:iron_chestplate":3,"minecraft:mossy_stone_bricks":2,"minecraft:stone_bricks":3,"minecraft:spruce_log":2,"minecraft:stone_pickaxe":4,"minecraft:wooden_pickaxe":1},"minecraft:custom":{"minecraft:mob_kills":28,"minecraft:interact_with_crafting_table":38,"minecraft:open_barrel":1,"minecraft:damage_dealt_resisted":76,"minecraft:leave_game":3,"minecraft:time_since_death":14627,"minecraft:climb_one_cm":480,"minecraft:sprint_one_cm":279788,"minecraft:walk_one_cm":304561,"minecraft:damage_blocked_by_shield":170,"minecraft:drop":123,"minecraft:damage_dealt_absorbed":40,"minecraft:play_time":125830,"minecraft:deaths":17,"minecraft:sneak_time":2695,"minecraft:walk_under_water_one_cm":3207,"minecraft:jump":1470,"minecraft:walk_on_water_one_cm":10214,"minecraft:total_world_time":126056,"minecraft:interact_with_furnace":58,"minecraft:time_since_rest":14659,"minecraft:damage_taken":5835,"minecraft:damage_dealt":9444,"minecraft:fly_one_cm":515689,"minecraft:swim_one_cm":4186,"minecraft:player_kills":1,"minecraft:open_chest":1,"minecraft:crouch_one_cm":8033,"minecraft:fall_one_cm":25367},"minecraft:killed":{"minecraft:cave_spider":7,"mutantmonsters:mutant_snow_golem":1,"rottencreatures:undead_miner":11,"minecraft:zombie":7,"minecraft:cow":2},"minecraft:mined":{"minecraft:spruce_planks":2,"minecraft:mossy_cobblestone":2,"immersive_weathering:frost":1,"projectvibrantjourneys:rocks":1,"minecraft:spruce_leaves":5,"minecraft:furnace":5,"immersive_weathering:mossy_stone":1,"minecraft:iron_ore":37,"minecraft:pointed_dripstone":4,"minecraft:stripped_oak_log":2,"minecraft:stone":199,"immersive_weathering:cryosol":2,"mekanism:osmium_ore":11,"immersive_weathering:icicle":2,"immersive_weathering:spruce_leaf_pile":13,"minecraft:powder_snow":6,"minecraft:crafting_table":8,"minecraft:torch":8,"minecraft:dead_bush":1,"mekanism:tin_ore":12,"minecraft:copper_ore":37,"minecraft:cobblestone":8,"minecraft:deepslate_coal_ore":2,"minecraft:diorite":3,"minecraft:wall_torch":7,"minecraft:deepslate_copper_ore":5,"minecraft:spruce_log":29,"k_turrets:titanium_ore":7,"minecraft:coal_ore":201,"minecraft:oak_log":7,"mekanism:lead_ore":10,"minecraft:dirt":2,"minecraft:gravel":9,"minecraft:dripstone_block":3,"minecraft:stone_bricks":4,"minecraft:mossy_stone_bricks":2},"minecraft:picked_up":{"minecraft:iron_chestplate":7,"minecraft:crafting_table":13,"minecraft:packed_ice":6,"minecraft:diamond_sword":2,"minecraft:wooden_pickaxe":5,"minecraft:enchanted_book":9,"minecraft:shield":8,"minecraft:string":38,"minecraft:raw_copper":366,"minecraft:wooden_sword":2,"minecraft:snow":13,"minecraft:iron_leggings":1,"minecraft:bucket":2,"minecraft:spruce_planks":252,"immersive_weathering:spruce_leaf_pile":1,"minecraft:beef":5,"minecraft:iron_pickaxe":6,"minecraft:iron_boots":1,"minecraft:furnace":10,"minecraft:stick":88,"minecraft:raw_iron":107,"minecraft:copper_ingot":36,"minecraft:torch":290,"minecraft:snow_block":1,"minecraft:pointed_dripstone":16,"minecraft:diorite":9,"mekanism:raw_tin":40,"minecraft:tnt":12,"minecraft:stone_sword":3,"minecraft:rotten_flesh":18,"k_turrets:raw_titanium":52,"minecraft:snowball":28,"minecraft:cobblestone":567,"minecraft:stripped_oak_log":2,"immersive_weathering:mossy_stone":1,"minecraft:cooked_beef":2,"mekanism:raw_lead":39,"minecraft:water_bucket":2,"minecraft:leather":9,"minecraft:powder_snow_bucket":3,"minecraft:filled_map":4,"minecraft:flint":2,"minecraft:oak_log":7,"minecraft:gunpowder":2,"minecraft:dirt":12,"minecraft:leather_boots":3,"minecraft:bone":13,"minecraft:stone_bricks":10,"minecraft:raw_gold":19,"minecraft:stone_pickaxe":15,"minecraft:iron_ingot":1,"minecraft:mossy_stone_bricks":9,"minecraft:diamond_helmet":3,"minecraft:iron_sword":4,"minecraft:oak_planks":32,"minecraft:dripstone_block":14,"minecraft:gravel":30,"mekanism:ingot_tin":16,"minecraft:spruce_sapling":2,"minecraft:spruce_log":32,"minecraft:spider_eye":5,"alexsmobs:animal_dictionary":2,"mekanism:raw_osmium":45,"minecraft:mossy_cobblestone":7,"minecraft:slime_ball":1,"max_armory:copper_sword":5,"minecraft:diamond":6,"minecraft:stone_axe":13,"minecraft:iron_helmet":5,"minecraft:bread":14,"minecraft:coal":731,"minecraft:ender_pearl":6},"minecraft:used":{"minecraft:stone_sword":115,"minecraft:redstone":10,"minecraft:shield":9,"minecraft:iron_sword":46,"immersive_weathering:spruce_leaf_pile":1,"minecraft:rotten_flesh":7,"minecraft:torch":165,"minecraft:dirt":4,"rottencreatures:glacial_hunter_spawn_egg":1,"minecraft:iron_helmet":1,"minecraft:repeater":8,"minecraft:snow":9,"minecraft:furnace":8,"minecraft:cooked_beef":2,"minecraft:pointed_dripstone":4,"minecraft:water_bucket":1,"minecraft:diorite":3,"minecraft:snow_block":1,"minecraft:stone_pickaxe":397,"minecraft:wooden_pickaxe":28,"immersive_weathering:mossy_stone":1,"minecraft:crafting_table":13,"max_armory:copper_sword":40,"minecraft:lever":3,"minecraft:bread":8,"minecraft:iron_pickaxe":159,"minecraft:spruce_sapling":1,"mutantmonsters:mutant_snow_golem_spawn_egg":1,"minecraft:stone_axe":53,"minecraft:diamond_sword":1,"minecraft:wooden_sword":28,"minecraft:cobblestone":25,"minecraft:bucket":2,"alexsmobs:animal_dictionary":1},"minecraft:killed_by":{"minecraft:player":2,"alexsmobs:tusklin":2,"mutantmonsters:mutant_skeleton":1,"minecraft:zombie":4,"rottencreatures:undead_miner":6},"minecraft:crafted":{"minecraft:oak_planks":36,"max_armory:copper_sword":1,"minecraft:furnace":2,"minecraft:iron_boots":2,"minecraft:stone_pickaxe":4,"mekanism:ingot_tin":4,"minecraft:crafting_table":5,"minecraft:spruce_planks":120,"minecraft:wooden_pickaxe":2,"minecraft:iron_helmet":1,"minecraft:iron_sword":1,"minecraft:copper_ingot":8,"minecraft:bucket":2,"minecraft:stone_axe":2,"minecraft:air":0,"minecraft:iron_chestplate":2,"minecraft:shield":2,"minecraft:stick":96,"minecraft:iron_ingot":51,"minecraft:iron_pickaxe":2,"minecraft:stone_sword":3,"minecraft:iron_leggings":1,"minecraft:torch":200}},"DataVersion":2975}