{"stats":{"minecraft:mined":{"immersive_weathering:icicle":2,"immersive_weathering:spruce_leaf_pile":5,"minecraft:spruce_leaves":2},"minecraft:dropped":{"minecraft:snow_block":1,"minecraft:bread":65,"minecraft:snow":14,"immersive_weathering:spruce_leaf_pile":1,"minecraft:spruce_log":2,"minecraft:grass_block":1},"minecraft:killed_by":{"mutantmonsters:mutant_skeleton":1,"minecraft:zombie":1},"minecraft:killed":{"mutantmonsters:mutant_snow_golem":1},"minecraft:used":{"minecraft:lever":3,"minecraft:snow_block":1,"rottencreatures:glacial_hunter_spawn_egg":1,"minecraft:redstone":10,"immersive_weathering:spruce_leaf_pile":1,"mutantmonsters:mutant_snow_golem_spawn_egg":1,"minecraft:repeater":8,"minecraft:wooden_sword":28,"minecraft:snow":9,"alexsmobs:animal_dictionary":1},"minecraft:custom":{"minecraft:time_since_rest":9130,"minecraft:sprint_one_cm":52152,"minecraft:damage_taken":670,"minecraft:walk_one_cm":46671,"minecraft:mob_kills":1,"minecraft:drop":84,"minecraft:damage_dealt":799,"minecraft:fly_one_cm":380985,"minecraft:open_chest":1,"minecraft:crouch_one_cm":693,"minecraft:play_time":30297,"minecraft:deaths":2,"minecraft:sneak_time":524,"minecraft:walk_under_water_one_cm":101,"minecraft:jump":330,"minecraft:leave_game":3,"minecraft:walk_on_water_one_cm":226,"minecraft:time_since_death":9096,"minecraft:climb_one_cm":208,"minecraft:total_world_time":30523,"minecraft:fall_one_cm":4356},"minecraft:picked_up":{"minecraft:snow_block":1,"minecraft:spruce_log":2,"minecraft:shield":2,"alexsmobs:animal_dictionary":1,"minecraft:wooden_sword":2,"minecraft:snow":13,"minecraft:leather_boots":2,"immersive_weathering:spruce_leaf_pile":1,"minecraft:bread":10,"minecraft:snowball":16}},"DataVersion":2975}