{"stats":{"minecraft:broken":{"minecraft:stone_pickaxe":1},"minecraft:dropped":{"minecraft:snow_block":1,"minecraft:bread":65,"minecraft:grass_block":1,"minecraft:coal":13,"minecraft:snow":14,"immersive_weathering:spruce_leaf_pile":1,"minecraft:wooden_sword":1,"minecraft:spruce_log":2,"minecraft:wooden_pickaxe":1,"minecraft:stone_pickaxe":1},"minecraft:custom":{"minecraft:mob_kills":7,"minecraft:interact_with_crafting_table":3,"minecraft:damage_dealt_resisted":76,"minecraft:leave_game":3,"minecraft:time_since_death":5397,"minecraft:climb_one_cm":208,"minecraft:time_since_rest":5470,"minecraft:sprint_one_cm":95941,"minecraft:damage_taken":1365,"minecraft:walk_one_cm":125328,"minecraft:damage_blocked_by_shield":90,"minecraft:drop":88,"minecraft:damage_dealt":4175,"minecraft:damage_dealt_absorbed":40,"minecraft:fly_one_cm":410414,"minecraft:open_chest":1,"minecraft:crouch_one_cm":2387,"minecraft:play_time":53830,"minecraft:deaths":3,"minecraft:sneak_time":1152,"minecraft:walk_under_water_one_cm":101,"minecraft:jump":578,"minecraft:walk_on_water_one_cm":651,"minecraft:total_world_time":54056,"minecraft:fall_one_cm":7984},"minecraft:mined":{"mekanism:osmium_ore":5,"immersive_weathering:icicle":2,"immersive_weathering:spruce_leaf_pile":12,"immersive_weathering:frost":1,"minecraft:powder_snow":1,"minecraft:crafting_table":2,"minecraft:torch":4,"minecraft:copper_ore":6,"minecraft:cobblestone":1,"minecraft:deepslate_coal_ore":2,"minecraft:spruce_leaves":5,"minecraft:wall_torch":4,"minecraft:deepslate_copper_ore":5,"minecraft:spruce_log":15,"minecraft:coal_ore":60,"minecraft:gravel":9,"minecraft:dirt":1,"minecraft:stone":123},"minecraft:killed":{"rottencreatures:undead_miner":2,"minecraft:zombie":2,"mutantmonsters:mutant_snow_golem":1},"minecraft:picked_up":{"minecraft:crafting_table":3,"minecraft:flint":2,"minecraft:shield":3,"minecraft:gunpowder":2,"minecraft:dirt":1,"minecraft:raw_copper":32,"minecraft:wooden_sword":2,"minecraft:snow":13,"minecraft:leather_boots":3,"minecraft:bone":1,"minecraft:raw_gold":2,"minecraft:spruce_planks":45,"immersive_weathering:spruce_leaf_pile":1,"minecraft:stone_pickaxe":2,"minecraft:stick":4,"minecraft:raw_iron":2,"minecraft:torch":17,"minecraft:gravel":30,"minecraft:snow_block":1,"minecraft:spruce_sapling":1,"minecraft:spruce_log":18,"mekanism:raw_osmium":10,"alexsmobs:animal_dictionary":2,"minecraft:stone_sword":1,"minecraft:rotten_flesh":9,"minecraft:stone_axe":1,"minecraft:bread":14,"minecraft:coal":105,"minecraft:snowball":16,"minecraft:cobblestone":230},"minecraft:used":{"minecraft:stone_sword":77,"minecraft:snow_block":1,"minecraft:redstone":10,"minecraft:stone_pickaxe":198,"minecraft:shield":4,"minecraft:wooden_pickaxe":18,"immersive_weathering:spruce_leaf_pile":1,"minecraft:torch":31,"minecraft:dirt":1,"minecraft:crafting_table":3,"minecraft:lever":3,"rottencreatures:glacial_hunter_spawn_egg":1,"minecraft:bread":7,"minecraft:spruce_sapling":1,"mutantmonsters:mutant_snow_golem_spawn_egg":1,"minecraft:stone_axe":19,"minecraft:repeater":8,"minecraft:wooden_sword":28,"minecraft:cobblestone":13,"minecraft:snow":9,"alexsmobs:animal_dictionary":1},"minecraft:killed_by":{"mutantmonsters:mutant_skeleton":1,"minecraft:zombie":2},"minecraft:crafted":{"minecraft:crafting_table":2,"minecraft:spruce_planks":64,"minecraft:wooden_pickaxe":1,"minecraft:stone_axe":1,"minecraft:stick":16,"minecraft:stone_pickaxe":2,"minecraft:stone_sword":1,"minecraft:torch":32}},"DataVersion":2975}