{"stats":{"minecraft:killed":{"minecraft:pillager":8},"minecraft:mined":{"minecraft:grass":1},"minecraft:picked_up":{"tac:m870_classic":1,"minecraft:wooden_sword":1,"minecraft:leather_boots":1,"minecraft:bread":9,"minecraft:shield":1,"tac:10_gauge_round":11,"alexsmobs:animal_dictionary":1},"minecraft:killed_by":{"minecraft:pillager":2},"minecraft:custom":{"minecraft:jump":108,"minecraft:time_since_rest":245,"minecraft:deaths":2,"minecraft:leave_game":2,"minecraft:play_time":2687,"minecraft:sprint_one_cm":21457,"minecraft:damage_taken":414,"minecraft:time_since_death":221,"minecraft:walk_one_cm":10295,"minecraft:total_world_time":3035,"minecraft:mob_kills":8,"minecraft:fall_one_cm":2624,"minecraft:fly_one_cm":25145}},"DataVersion":2975}