{"stats":{"minecraft:custom":{"minecraft:mob_kills":143,"minecraft:interact_with_crafting_table":29,"minecraft:open_barrel":7,"minecraft:damage_dealt_resisted":984,"minecraft:leave_game":4,"minecraft:time_since_death":56660,"minecraft:climb_one_cm":46322,"minecraft:sprint_one_cm":388595,"minecraft:walk_one_cm":888654,"minecraft:drop":129,"minecraft:damage_dealt_absorbed":232,"minecraft:play_time":331858,"minecraft:deaths":20,"minecraft:sneak_time":26404,"minecraft:walk_under_water_one_cm":3065,"minecraft:jump":4644,"minecraft:walk_on_water_one_cm":17020,"minecraft:total_world_time":331858,"minecraft:interact_with_furnace":66,"minecraft:sleep_in_bed":2,"minecraft:time_since_rest":47575,"minecraft:damage_taken":9606,"minecraft:damage_dealt":29531,"minecraft:player_kills":5,"minecraft:fly_one_cm":709426,"minecraft:open_chest":54,"minecraft:crouch_one_cm":74103,"minecraft:fall_one_cm":106686},"minecraft:mined":{"minecraft:light_blue_stained_glass_pane":2,"minecraft:tuff":1,"minecraft:red_carpet":5,"minecraft:spruce_planks":8,"minecraft:blue_stained_glass_pane":2,"minecraft:black_terracotta":4,"immersive_weathering:frost":1,"projectvibrantjourneys:rocks":2,"minecraft:brewing_stand":3,"minecraft:gray_stained_glass_pane":1,"minecraft:ladder":4,"minecraft:glow_lichen":1,"minecraft:spruce_leaves":26,"minecraft:spawner":2,"minecraft:light_blue_stained_glass":12,"minecraft:furnace":6,"minecraft:iron_ore":40,"projectvibrantjourneys:bark_mushroom":1,"minecraft:pointed_dripstone":4,"minecraft:deepslate_iron_ore":17,"minecraft:packed_ice":9,"sulfurpotassiummod:potassium_ore":6,"minecraft:iron_block":2,"projectvibrantjourneys:seashells":1,"minecraft:stone":114,"sophisticatedbackpacks:backpack":3,"projectvibrantjourneys:icicle":9,"immersive_weathering:frosty_glass":2,"mekanism:osmium_ore":10,"sulfurpotassiummod:sulfur_ore":2,"immersive_weathering:icicle":86,"minecraft:quartz_block":1,"minecraft:cyan_terracotta":2,"immersive_weathering:spruce_leaf_pile":4,"minecraft:powder_snow":3,"minecraft:torch":10,"minecraft:crafting_table":8,"minecraft:light_gray_terracotta":3,"minecraft:chest":2,"immersive_weathering:soot":1,"minecraft:dead_bush":1,"mekanism:tin_ore":2,"projectvibrantjourneys:mossy_rocks":1,"minecraft:copper_ore":1,"minecraft:glass":13,"minecraft:cobblestone":16,"minecraft:deepslate_coal_ore":1,"minecraft:oak_planks":18,"minecraft:blue_bed":2,"minecraft:wall_torch":4,"minecraft:white_terracotta":4,"mekanism:fluorite_ore":1,"minecraft:ice":7,"minecraft:blue_ice":1,"minecraft:spruce_log":14,"minecraft:grass":2,"k_turrets:titanium_ore":8,"minecraft:coal_ore":61,"projectvibrantjourneys:short_grass":2,"mekanism:lead_ore":6,"minecraft:dirt":3,"minecraft:sand":1,"minecraft:dripstone_block":1,"minecraft:brown_terracotta":11,"minecraft:cobweb":2,"minecraft:smooth_basalt":1,"minecraft:cracked_stone_bricks":1,"minecraft:terracotta":30,"minecraft:stone_bricks":6,"minecraft:deepslate":4},"minecraft:used":{"minecraft:stone_sword":36,"minecraft:chest":2,"minecraft:spruce_planks":19,"minecraft:iron_sword":2,"minecraft:rotten_flesh":78,"minecraft:iron_chestplate":3,"minecraft:torch":96,"minecraft:dirt":10,"minecraft:mutton":1,"minecraft:diamond_helmet":7,"minecraft:snowball":2,"minecraft:brown_terracotta":1,"minecraft:packed_ice":11,"minecraft:lava_bucket":1,"minecraft:stone_bricks":5,"minecraft:furnace":5,"minecraft:cooked_beef":5,"rottencreatures:frozen_rotten_flesh":24,"minecraft:powder_snow_bucket":7,"minecraft:iron_leggings":2,"minecraft:beetroot_soup":1,"minecraft:cooked_mutton":2,"minecraft:water_bucket":1,"minecraft:stone_pickaxe":89,"minecraft:oak_planks":58,"minecraft:ender_pearl":1,"minecraft:wooden_pickaxe":35,"minecraft:blue_bed":3,"minecraft:cracked_stone_bricks":1,"minecraft:crafting_table":6,"max_armory:copper_sword":3,"minecraft:black_terracotta":4,"rottencreatures:treasure_chest":1,"sophisticatedbackpacks:backpack":2,"minecraft:diamond_pickaxe":75,"minecraft:chicken":1,"minecraft:iron_pickaxe":228,"minecraft:bread":20,"minecraft:stone_axe":32,"minecraft:wooden_sword":2,"minecraft:diamond_sword":607,"minecraft:cobblestone":165,"minecraft:bucket":8,"minecraft:cooked_porkchop":3},"minecraft:killed":{"minecraft:cave_spider":2,"minecraft:witch":3,"alexsmobs:seagull":1,"alexsmobs:froststalker":3,"rottencreatures:hunter_wolf":1,"alexsmobs:centipede_head":1,"alexsmobs:tusklin":1,"rottencreatures:undead_miner":13,"minecraft:zombie_villager":2,"rottencreatures:frostbitten":12,"minecraft:bat":1,"rottencreatures:zombie_lackey":11,"rottencreatures:glacial_hunter":3,"mutantmonsters:creeper_minion":1,"minecraft:zombie":34,"minecraft:stray":3,"rottencreatures:skeleton_lackey":7,"alexsmobs:fly":1,"rottencreatures:swampy":7,"minecraft:enderman":3,"minecraft:cow":1},"minecraft:crafted":{"minecraft:furnace":1,"minecraft:diamond":2,"minecraft:iron_boots":1,"minecraft:stone_pickaxe":2,"minecraft:cooked_beef":8,"minecraft:diamond_sword":2,"sophisticatedbackpacks:backpack":1,"minecraft:cooked_porkchop":5,"minecraft:crafting_table":4,"minecraft:spruce_planks":48,"minecraft:wooden_pickaxe":2,"minecraft:copper_ingot":66,"minecraft:gold_block":2,"minecraft:stone_axe":2,"minecraft:bread":4,"minecraft:air":0,"minecraft:diamond_pickaxe":1,"minecraft:stick":28,"minecraft:iron_ingot":56,"minecraft:iron_pickaxe":1,"minecraft:stone_sword":2,"minecraft:gold_ingot":34,"minecraft:iron_leggings":1,"minecraft:torch":116},"minecraft:picked_up":{"rottencreatures:frozen_rotten_flesh":20,"minecraft:iron_chestplate":12,"minecraft:crafting_table":9,"minecraft:wheat":33,"minecraft:ladder":4,"minecraft:chicken":1,"minecraft:anvil":1,"sulfurpotassiummod:sulfur":2,"minecraft:packed_ice":46,"minecraft:diamond_sword":16,"minecraft:wooden_pickaxe":7,"minecraft:enchanted_book":25,"alexsmobs:froststalker_horn":9,"minecraft:brewing_stand":2,"minecraft:shield":16,"projectvibrantjourneys:mossy_rocks":1,"minecraft:string":118,"minecraft:raw_copper":188,"minecraft:wooden_sword":2,"minecraft:iron_leggings":13,"minecraft:beetroot_soup":1,"minecraft:item_frame":13,"minecraft:experience_bottle":8,"minecraft:cracked_stone_bricks":4,"minecraft:cobbled_deepslate":6,"minecraft:gold_nugget":64,"minecraft:bucket":9,"minecraft:spruce_planks":187,"minecraft:beef":3,"minecraft:redstone_torch":3,"minecraft:iron_nugget":78,"minecraft:iron_pickaxe":10,"minecraft:chest":7,"minecraft:diamond_hoe":3,"farmersdelight:cabbage_seeds":20,"rottencreatures:treasure_chest":1,"minecraft:iron_boots":13,"minecraft:furnace":17,"minecraft:tipped_arrow":13,"minecraft:stick":129,"minecraft:raw_iron":70,"minecraft:sandstone":2,"sulfurpotassiummod:raw_potassium":6,"minecraft:brown_terracotta":43,"minecraft:copper_ingot":35,"minecraft:torch":460,"sophisticatedbackpacks:backpack":9,"minecraft:porkchop":3,"minecraft:pointed_dripstone":14,"minecraft:carrot":1,"minecraft:brown_dye":4,"mekanism:raw_tin":53,"minecraft:tnt":36,"minecraft:stone_sword":8,"minecraft:arrow":4,"minecraft:rotten_flesh":501,"minecraft:beetroot_seeds":1,"k_turrets:raw_titanium":56,"minecraft:iron_block":2,"farmersdelight:rope":14,"minecraft:saddle":2,"minecraft:gold_ingot":31,"minecraft:white_terracotta":12,"minecraft:cod":1,"minecraft:snowball":84,"minecraft:cobblestone":523,"tac:round45":113,"minecraft:water_bucket":2,"minecraft:cooked_beef":8,"mekanism:raw_lead":48,"minecraft:glow_ink_sac":6,"projectvibrantjourneys:icicle":7,"minecraft:leather":44,"minecraft:powder_snow_bucket":6,"minecraft:potato":7,"minecraft:filled_map":7,"minecraft:tuff":1,"minecraft:gunpowder":92,"minecraft:blue_bed":4,"minecraft:dirt":38,"minecraft:paper":10,"tac:m1911":2,"minecraft:cooked_mutton":3,"minecraft:leather_boots":2,"minecraft:red_carpet":14,"minecraft:bone":167,"minecraft:apple":13,"minecraft:stone_bricks":20,"minecraft:raw_gold":11,"minecraft:iron_ingot":52,"minecraft:stone_pickaxe":9,"minecraft:mossy_stone_bricks":9,"minecraft:diamond_helmet":14,"minecraft:glass_bottle":2,"minecraft:iron_sword":7,"minecraft:oak_planks":143,"minecraft:book":1,"minecraft:smooth_basalt":1,"minecraft:black_terracotta":12,"minecraft:cooked_porkchop":6,"minecraft:lava_bucket":1,"minecraft:dripstone_block":16,"minecraft:poisonous_potato":14,"mekanism:ingot_tin":32,"minecraft:sand":2,"minecraft:stripped_spruce_log":15,"sophisticatedbackpacks:iron_backpack":1,"minecraft:spruce_log":23,"minecraft:spider_eye":6,"mekanism:raw_osmium":29,"minecraft:barrel":4,"alexsmobs:animal_dictionary":2,"minecraft:mossy_cobblestone":4,"minecraft:light_gray_terracotta":6,"minecraft:pumpkin_seeds":8,"minecraft:sugar":1,"max_armory:copper_sword":12,"minecraft:diamond":15,"minecraft:stone_axe":15,"minecraft:iron_helmet":4,"mekanism:fluorite_gem":32,"minecraft:blue_ice":4,"minecraft:emerald":10,"minecraft:golden_horse_armor":5,"minecraft:bread":31,"minecraft:terracotta":72,"minecraft:coal":603,"minecraft:diamond_pickaxe":1,"minecraft:ender_pearl":11},"minecraft:broken":{"minecraft:iron_leggings":1,"minecraft:wooden_pickaxe":1},"minecraft:dropped":{"sophisticatedbackpacks:iron_backpack":1,"minecraft:water_bucket":1,"minecraft:iron_ingot":7,"minecraft:iron_sword":5,"minecraft:cooked_beef":11,"tac:round45":60,"minecraft:mossy_cobblestone":2,"minecraft:diamond":1,"minecraft:crafting_table":2,"minecraft:cooked_porkchop":2,"minecraft:poisonous_potato":2,"minecraft:iron_helmet":4,"minecraft:cobblestone":17,"tac:m1911":1,"minecraft:cracked_stone_bricks":12,"minecraft:copper_ingot":6,"max_armory:copper_sword":5,"minecraft:coal":1,"minecraft:stick":14,"projectvibrantjourneys:icicle":2,"minecraft:torch":84,"minecraft:iron_leggings":3,"projectvibrantjourneys:mossy_rocks":1,"minecraft:iron_pickaxe":2,"minecraft:bucket":1,"minecraft:furnace":1,"minecraft:stone_axe":1,"minecraft:iron_nugget":39,"minecraft:cobbled_deepslate":1,"minecraft:stone_sword":2,"minecraft:rotten_flesh":20,"minecraft:oak_planks":6,"minecraft:iron_boots":3,"sophisticatedbackpacks:backpack":1,"minecraft:white_terracotta":4,"minecraft:pumpkin_seeds":2,"minecraft:diamond_sword":1,"minecraft:shield":1,"minecraft:gunpowder":6,"minecraft:spruce_planks":22,"minecraft:diamond_pickaxe":1,"minecraft:ladder":2,"minecraft:iron_chestplate":1,"minecraft:mossy_stone_bricks":2,"minecraft:blue_ice":2,"k_turrets:raw_titanium":8,"minecraft:spider_eye":4,"minecraft:stone_bricks":22,"rottencreatures:frozen_rotten_flesh":3,"minecraft:stone_pickaxe":4,"minecraft:wooden_pickaxe":1,"minecraft:terracotta":44},"minecraft:killed_by":{"minecraft:player":3,"rottencreatures:zombie_lackey":3,"alexsmobs:tusklin":1,"rottencreatures:swampy":1,"minecraft:zombie":3,"rottencreatures:skeleton_lackey":1,"rottencreatures:frostbitten":1,"rottencreatures:undead_miner":5}},"DataVersion":2975}