{"stats":{"minecraft:dropped":{"minecraft:cooked_beef":2,"minecraft:copper_ingot":6,"max_armory:copper_sword":1,"minecraft:coal":1,"minecraft:torch":9,"minecraft:stone_pickaxe":1},"minecraft:custom":{"minecraft:interact_with_furnace":8,"minecraft:mob_kills":11,"minecraft:interact_with_crafting_table":11,"minecraft:open_barrel":3,"minecraft:damage_dealt_resisted":12,"minecraft:time_since_death":5495,"minecraft:climb_one_cm":218,"minecraft:time_since_rest":5524,"minecraft:sprint_one_cm":71022,"minecraft:damage_taken":1995,"minecraft:walk_one_cm":143140,"minecraft:drop":7,"minecraft:damage_dealt":2702,"minecraft:fly_one_cm":91763,"minecraft:player_kills":2,"minecraft:crouch_one_cm":12632,"minecraft:play_time":53664,"minecraft:deaths":6,"minecraft:sneak_time":3536,"minecraft:walk_under_water_one_cm":927,"minecraft:jump":944,"minecraft:walk_on_water_one_cm":5386,"minecraft:total_world_time":53664,"minecraft:fall_one_cm":20784},"minecraft:killed":{"rottencreatures:undead_miner":5,"minecraft:cave_spider":2,"minecraft:witch":1,"minecraft:zombie_villager":1,"minecraft:zombie":3},"minecraft:picked_up":{"minecraft:crafting_table":2,"minecraft:powder_snow_bucket":2,"minecraft:packed_ice":16,"minecraft:leather":9,"minecraft:diamond_sword":2,"minecraft:wooden_pickaxe":2,"minecraft:filled_map":1,"minecraft:enchanted_book":4,"minecraft:tuff":1,"minecraft:shield":2,"minecraft:dirt":2,"minecraft:string":6,"minecraft:raw_copper":15,"minecraft:wooden_sword":2,"minecraft:leather_boots":2,"minecraft:bone":4,"minecraft:stone_bricks":4,"minecraft:raw_gold":6,"minecraft:spruce_planks":154,"minecraft:stone_pickaxe":4,"minecraft:mossy_stone_bricks":3,"minecraft:diamond_helmet":2,"minecraft:furnace":2,"minecraft:stick":15,"minecraft:raw_iron":20,"minecraft:smooth_basalt":1,"minecraft:copper_ingot":6,"minecraft:torch":92,"mekanism:ingot_tin":4,"minecraft:pointed_dripstone":14,"minecraft:spruce_log":23,"minecraft:mossy_cobblestone":1,"mekanism:raw_osmium":12,"mekanism:raw_tin":6,"alexsmobs:animal_dictionary":2,"minecraft:tnt":6,"minecraft:stone_sword":3,"minecraft:rotten_flesh":11,"minecraft:sugar":1,"max_armory:copper_sword":1,"minecraft:diamond":2,"minecraft:stone_axe":4,"mekanism:fluorite_gem":4,"minecraft:bread":17,"minecraft:coal":31,"minecraft:snowball":12,"minecraft:cobblestone":112},"minecraft:mined":{"projectvibrantjourneys:icicle":1,"minecraft:tuff":1,"mekanism:osmium_ore":4,"immersive_weathering:icicle":17,"immersive_weathering:spruce_leaf_pile":2,"minecraft:powder_snow":3,"projectvibrantjourneys:rocks":1,"minecraft:crafting_table":1,"minecraft:glow_lichen":1,"minecraft:torch":10,"mekanism:tin_ore":2,"projectvibrantjourneys:mossy_rocks":1,"minecraft:copper_ore":1,"minecraft:cobblestone":5,"minecraft:deepslate_coal_ore":1,"minecraft:spruce_leaves":26,"minecraft:wall_torch":1,"mekanism:fluorite_ore":1,"minecraft:iron_ore":9,"minecraft:ice":7,"minecraft:blue_ice":1,"minecraft:spruce_log":14,"minecraft:grass":2,"minecraft:pointed_dripstone":4,"minecraft:coal_ore":10,"projectvibrantjourneys:short_grass":2,"minecraft:packed_ice":6,"minecraft:cobweb":1,"minecraft:smooth_basalt":1,"minecraft:stone":58},"minecraft:used":{"minecraft:stone_sword":36,"minecraft:stone_pickaxe":81,"minecraft:spruce_planks":11,"minecraft:wooden_pickaxe":29,"minecraft:rotten_flesh":1,"minecraft:torch":13,"minecraft:crafting_table":2,"minecraft:diamond_helmet":2,"minecraft:packed_ice":3,"minecraft:bread":3,"minecraft:diamond_sword":28,"minecraft:stone_axe":1,"minecraft:wooden_sword":2,"minecraft:cobblestone":21,"minecraft:bucket":1,"minecraft:cooked_beef":3,"minecraft:powder_snow_bucket":1},"minecraft:killed_by":{"minecraft:player":1,"minecraft:zombie":2,"rottencreatures:undead_miner":2},"minecraft:crafted":{"minecraft:cooked_beef":5,"minecraft:diamond_sword":1,"minecraft:crafting_table":2,"minecraft:spruce_planks":48,"minecraft:wooden_pickaxe":2,"minecraft:furnace":1,"minecraft:stone_axe":2,"minecraft:air":0,"minecraft:diamond":2,"minecraft:stick":16,"minecraft:stone_pickaxe":2,"minecraft:stone_sword":2,"minecraft:torch":16}},"DataVersion":2975}