{"stats":{"minecraft:custom":{"minecraft:interact_with_crafting_table":29,"minecraft:open_barrel":7,"minecraft:leave_game":6,"minecraft:time_since_death":5412,"minecraft:sprint_one_cm":391599,"minecraft:drop":135,"minecraft:play_time":349436,"minecraft:deaths":22,"minecraft:jump":4736,"minecraft:walk_on_water_one_cm":17707,"minecraft:interact_with_furnace":67,"minecraft:sleep_in_bed":2,"minecraft:damage_dealt":30148,"minecraft:player_kills":5,"minecraft:crouch_one_cm":74440,"minecraft:mob_kills":149,"minecraft:damage_dealt_resisted":1041,"minecraft:climb_one_cm":46322,"minecraft:walk_one_cm":920558,"minecraft:damage_dealt_absorbed":272,"minecraft:sneak_time":26851,"minecraft:walk_under_water_one_cm":3065,"minecraft:total_world_time":349436,"minecraft:time_since_rest":7811,"minecraft:damage_taken":10101,"minecraft:fly_one_cm":712690,"minecraft:open_chest":54,"minecraft:fall_one_cm":107170},"minecraft:mined":{"minecraft:spruce_planks":8,"minecraft:black_terracotta":4,"immersive_weathering:frost":1,"minecraft:brewing_stand":3,"minecraft:spawner":2,"minecraft:light_blue_stained_glass":12,"minecraft:iron_ore":40,"projectvibrantjourneys:bark_mushroom":1,"minecraft:pointed_dripstone":4,"minecraft:iron_block":2,"immersive_weathering:frosty_glass":2,"mekanism:osmium_ore":10,"minecraft:quartz_block":1,"sulfurpotassiummod:sulfur_ore":2,"minecraft:cyan_terracotta":2,"immersive_weathering:spruce_leaf_pile":4,"minecraft:powder_snow":3,"minecraft:torch":10,"minecraft:light_gray_terracotta":3,"minecraft:chest":2,"minecraft:dead_bush":1,"mekanism:tin_ore":2,"minecraft:glass":13,"minecraft:cobblestone":17,"minecraft:oak_planks":18,"minecraft:wall_torch":5,"minecraft:white_terracotta":4,"mekanism:fluorite_ore":1,"minecraft:blue_ice":1,"minecraft:grass":2,"projectvibrantjourneys:short_grass":2,"mekanism:lead_ore":6,"minecraft:sand":1,"minecraft:dirt":3,"minecraft:smooth_basalt":2,"minecraft:deepslate":26,"minecraft:light_blue_stained_glass_pane":2,"minecraft:red_carpet":5,"minecraft:tuff":3,"minecraft:blue_stained_glass_pane":2,"projectvibrantjourneys:rocks":2,"minecraft:gray_stained_glass_pane":1,"minecraft:glow_lichen":1,"minecraft:ladder":4,"minecraft:spruce_leaves":26,"minecraft:furnace":6,"minecraft:deepslate_iron_ore":17,"minecraft:packed_ice":9,"sulfurpotassiummod:potassium_ore":6,"projectvibrantjourneys:seashells":1,"minecraft:stone":114,"sophisticatedbackpacks:backpack":3,"projectvibrantjourneys:icicle":9,"immersive_weathering:icicle":86,"minecraft:crafting_table":8,"immersive_weathering:soot":1,"projectvibrantjourneys:mossy_rocks":1,"minecraft:copper_ore":1,"minecraft:deepslate_coal_ore":1,"minecraft:deepslate_gold_ore":2,"minecraft:blue_bed":2,"minecraft:ice":7,"minecraft:spruce_log":14,"k_turrets:titanium_ore":8,"minecraft:coal_ore":61,"minecraft:dripstone_block":1,"minecraft:cobweb":2,"minecraft:brown_terracotta":11,"minecraft:cracked_stone_bricks":1,"minecraft:terracotta":30,"minecraft:stone_bricks":6},"minecraft:used":{"minecraft:chest":2,"minecraft:iron_sword":2,"minecraft:rotten_flesh":83,"minecraft:iron_chestplate":4,"minecraft:mutton":1,"minecraft:snowball":2,"minecraft:packed_ice":11,"minecraft:lava_bucket":1,"minecraft:stone_bricks":5,"minecraft:furnace":5,"rottencreatures:frozen_rotten_flesh":24,"minecraft:stone_pickaxe":89,"minecraft:oak_planks":58,"minecraft:ender_pearl":1,"minecraft:wooden_pickaxe":35,"minecraft:blue_bed":3,"max_armory:copper_sword":3,"minecraft:black_terracotta":4,"rottencreatures:treasure_chest":1,"sophisticatedbackpacks:backpack":2,"minecraft:bread":20,"minecraft:diamond_sword":625,"minecraft:wooden_sword":2,"minecraft:stone_sword":36,"minecraft:spruce_planks":19,"minecraft:torch":107,"minecraft:dirt":10,"minecraft:diamond_helmet":8,"minecraft:brown_terracotta":1,"minecraft:iron_boots":1,"minecraft:cooked_beef":5,"minecraft:cobbled_deepslate":2,"minecraft:powder_snow_bucket":7,"minecraft:iron_leggings":2,"minecraft:beetroot_soup":1,"minecraft:cooked_mutton":2,"minecraft:water_bucket":1,"minecraft:cracked_stone_bricks":1,"minecraft:crafting_table":6,"minecraft:diamond_pickaxe":104,"minecraft:chicken":1,"minecraft:iron_pickaxe":228,"minecraft:stone_axe":32,"minecraft:cobblestone":166,"minecraft:cooked_porkchop":3,"minecraft:bucket":8},"minecraft:killed":{"minecraft:cave_spider":2,"minecraft:witch":3,"alexsmobs:froststalker":3,"alexsmobs:centipede_head":1,"minecraft:zombie_villager":2,"rottencreatures:frostbitten":12,"rottencreatures:zombie_lackey":11,"minecraft:zombie":38,"minecraft:stray":3,"alexsmobs:fly":1,"rottencreatures:swampy":7,"minecraft:cow":1,"alexsmobs:seagull":1,"rottencreatures:hunter_wolf":1,"alexsmobs:tusklin":1,"rottencreatures:undead_miner":16,"minecraft:bat":1,"rottencreatures:glacial_hunter":3,"mutantmonsters:creeper_minion":1,"rottencreatures:skeleton_lackey":7,"minecraft:enderman":3},"minecraft:crafted":{"minecraft:iron_boots":1,"sophisticatedbackpacks:backpack":1,"minecraft:cooked_porkchop":5,"minecraft:crafting_table":4,"minecraft:spruce_planks":48,"minecraft:wooden_pickaxe":2,"minecraft:copper_ingot":66,"minecraft:gold_block":2,"minecraft:diamond_pickaxe":1,"minecraft:stick":28,"minecraft:iron_ingot":58,"minecraft:iron_pickaxe":1,"minecraft:stone_sword":2,"minecraft:gold_ingot":34,"minecraft:furnace":1,"minecraft:diamond":2,"minecraft:stone_pickaxe":2,"minecraft:cooked_beef":8,"minecraft:diamond_sword":2,"minecraft:stone_axe":2,"minecraft:bread":4,"minecraft:air":0,"minecraft:iron_leggings":1,"minecraft:torch":116},"minecraft:picked_up":{"rottencreatures:frozen_rotten_flesh":20,"minecraft:iron_chestplate":14,"minecraft:wheat":35,"minecraft:anvil":1,"mekanism:raw_uranium":20,"sulfurpotassiummod:sulfur":19,"minecraft:diamond_sword":18,"minecraft:enchanted_book":25,"minecraft:brewing_stand":2,"projectvibrantjourneys:mossy_rocks":1,"minecraft:string":118,"minecraft:raw_copper":266,"minecraft:iron_leggings":13,"minecraft:beetroot_soup":1,"minecraft:experience_bottle":10,"minecraft:cobbled_deepslate":48,"minecraft:gold_nugget":64,"minecraft:bucket":9,"minecraft:spruce_planks":187,"minecraft:redstone_torch":3,"minecraft:iron_pickaxe":10,"minecraft:furnace":17,"farmersdelight:cabbage_seeds":20,"rottencreatures:treasure_chest":1,"minecraft:iron_boots":16,"minecraft:tipped_arrow":13,"minecraft:stick":130,"sulfurpotassiummod:raw_potassium":6,"minecraft:brown_terracotta":43,"minecraft:torch":481,"minecraft:porkchop":3,"minecraft:pointed_dripstone":14,"mekanism:raw_tin":55,"minecraft:stone_sword":8,"minecraft:rotten_flesh":509,"minecraft:iron_block":2,"farmersdelight:rope":14,"minecraft:white_terracotta":12,"minecraft:obsidian":6,"minecraft:cod":1,"minecraft:snowball":100,"minecraft:cobblestone":524,"tac:round45":127,"minecraft:cooked_beef":8,"minecraft:water_bucket":3,"minecraft:powder_snow_bucket":6,"minecraft:potato":7,"minecraft:tuff":1,"minecraft:dirt":38,"minecraft:leather_boots":2,"minecraft:bone":191,"minecraft:raw_gold":13,"minecraft:mossy_stone_bricks":9,"minecraft:diamond_helmet":16,"minecraft:oak_planks":143,"minecraft:black_terracotta":12,"minecraft:cooked_porkchop":6,"minecraft:poisonous_potato":14,"minecraft:sand":2,"minecraft:stripped_spruce_log":15,"sophisticatedbackpacks:iron_backpack":2,"alexsmobs:animal_dictionary":2,"minecraft:barrel":4,"minecraft:mossy_cobblestone":4,"minecraft:light_gray_terracotta":6,"minecraft:sugar":1,"minecraft:diamond":21,"minecraft:blue_ice":4,"minecraft:bread":31,"minecraft:golden_horse_armor":5,"minecraft:emerald":10,"minecraft:diamond_pickaxe":3,"minecraft:crafting_table":9,"minecraft:chicken":1,"minecraft:ladder":4,"minecraft:packed_ice":46,"minecraft:wooden_pickaxe":7,"alexsmobs:froststalker_horn":9,"minecraft:shield":18,"minecraft:iron_axe":1,"minecraft:wooden_sword":2,"minecraft:item_frame":13,"minecraft:cracked_stone_bricks":4,"minecraft:beef":3,"minecraft:iron_nugget":78,"minecraft:chest":7,"minecraft:diamond_hoe":3,"minecraft:raw_iron":91,"minecraft:sandstone":2,"minecraft:copper_ingot":153,"sophisticatedbackpacks:backpack":11,"minecraft:carrot":1,"minecraft:brown_dye":4,"minecraft:tnt":36,"minecraft:arrow":4,"minecraft:beetroot_seeds":1,"k_turrets:raw_titanium":58,"minecraft:saddle":2,"minecraft:gold_ingot":31,"minecraft:glow_ink_sac":6,"mekanism:raw_lead":48,"projectvibrantjourneys:icicle":7,"minecraft:leather":46,"minecraft:filled_map":7,"minecraft:gunpowder":137,"minecraft:blue_bed":4,"minecraft:paper":10,"tac:m1911":4,"minecraft:cooked_mutton":3,"minecraft:red_carpet":14,"minecraft:apple":13,"minecraft:stone_bricks":20,"minecraft:iron_ingot":52,"minecraft:stone_pickaxe":9,"minecraft:glass_bottle":2,"minecraft:iron_sword":7,"minecraft:book":1,"minecraft:smooth_basalt":1,"minecraft:dripstone_block":16,"minecraft:lava_bucket":3,"mekanism:ingot_tin":32,"minecraft:spruce_log":23,"mekanism:raw_osmium":29,"minecraft:spider_eye":6,"minecraft:pumpkin_seeds":8,"max_armory:copper_sword":12,"minecraft:stone_axe":15,"minecraft:iron_helmet":4,"mekanism:fluorite_gem":32,"minecraft:terracotta":72,"minecraft:coal":604,"minecraft:ender_pearl":11},"minecraft:broken":{"minecraft:iron_leggings":1,"minecraft:wooden_pickaxe":1},"minecraft:dropped":{"sophisticatedbackpacks:iron_backpack":2,"minecraft:iron_sword":5,"minecraft:cooked_beef":11,"minecraft:diamond":3,"tac:round45":60,"minecraft:crafting_table":2,"minecraft:cooked_porkchop":2,"tac:m1911":1,"minecraft:cracked_stone_bricks":12,"max_armory:copper_sword":5,"projectvibrantjourneys:icicle":2,"projectvibrantjourneys:mossy_rocks":1,"minecraft:iron_pickaxe":2,"minecraft:stone_axe":1,"minecraft:iron_nugget":39,"minecraft:cobbled_deepslate":1,"minecraft:obsidian":6,"minecraft:rotten_flesh":20,"minecraft:oak_planks":6,"minecraft:gunpowder":6,"minecraft:ladder":2,"k_turrets:raw_titanium":8,"rottencreatures:frozen_rotten_flesh":3,"minecraft:water_bucket":2,"minecraft:iron_ingot":7,"minecraft:mossy_cobblestone":2,"minecraft:poisonous_potato":2,"minecraft:iron_helmet":4,"minecraft:cobblestone":17,"minecraft:copper_ingot":6,"minecraft:coal":1,"minecraft:stick":14,"minecraft:torch":84,"minecraft:iron_leggings":3,"minecraft:bucket":1,"minecraft:furnace":1,"minecraft:stone_sword":2,"minecraft:iron_boots":4,"sophisticatedbackpacks:backpack":1,"minecraft:white_terracotta":4,"minecraft:pumpkin_seeds":2,"minecraft:diamond_sword":1,"minecraft:shield":1,"minecraft:spruce_planks":22,"minecraft:diamond_pickaxe":1,"minecraft:iron_chestplate":1,"minecraft:mossy_stone_bricks":2,"minecraft:blue_ice":2,"minecraft:stone_bricks":22,"minecraft:spider_eye":4,"minecraft:stone_pickaxe":4,"minecraft:wooden_pickaxe":1,"minecraft:terracotta":44},"minecraft:killed_by":{"alexsmobs:tusklin":1,"minecraft:zombie":3,"rottencreatures:skeleton_lackey":1,"rottencreatures:undead_miner":7,"minecraft:player":3,"rottencreatures:zombie_lackey":3,"rottencreatures:swampy":1,"rottencreatures:frostbitten":1}},"DataVersion":2975}