{"stats":{"minecraft:custom":{"minecraft:mob_kills":132,"minecraft:interact_with_crafting_table":22,"minecraft:open_barrel":7,"minecraft:damage_dealt_resisted":964,"minecraft:leave_game":4,"minecraft:time_since_death":0,"minecraft:climb_one_cm":41865,"minecraft:sprint_one_cm":326421,"minecraft:walk_one_cm":754193,"minecraft:drop":115,"minecraft:damage_dealt_absorbed":212,"minecraft:play_time":250206,"minecraft:deaths":19,"minecraft:sneak_time":23197,"minecraft:walk_under_water_one_cm":2975,"minecraft:jump":3674,"minecraft:walk_on_water_one_cm":12749,"minecraft:total_world_time":250206,"minecraft:interact_with_furnace":41,"minecraft:sleep_in_bed":1,"minecraft:time_since_rest":2456,"minecraft:damage_taken":8364,"minecraft:damage_dealt":25729,"minecraft:player_kills":5,"minecraft:fly_one_cm":573846,"minecraft:open_chest":47,"minecraft:crouch_one_cm":62307,"minecraft:fall_one_cm":84109},"minecraft:mined":{"minecraft:light_blue_stained_glass_pane":2,"minecraft:tuff":1,"minecraft:red_carpet":5,"minecraft:spruce_planks":8,"minecraft:blue_stained_glass_pane":2,"minecraft:black_terracotta":4,"immersive_weathering:frost":1,"projectvibrantjourneys:rocks":1,"minecraft:brewing_stand":3,"minecraft:gray_stained_glass_pane":1,"minecraft:glow_lichen":1,"minecraft:spruce_leaves":26,"minecraft:spawner":2,"minecraft:light_blue_stained_glass":12,"minecraft:furnace":6,"minecraft:iron_ore":36,"projectvibrantjourneys:bark_mushroom":1,"minecraft:pointed_dripstone":4,"minecraft:packed_ice":9,"sophisticatedbackpacks:backpack":2,"projectvibrantjourneys:seashells":1,"minecraft:stone":91,"projectvibrantjourneys:icicle":9,"immersive_weathering:frosty_glass":1,"mekanism:osmium_ore":5,"immersive_weathering:icicle":86,"minecraft:quartz_block":1,"minecraft:cyan_terracotta":2,"immersive_weathering:spruce_leaf_pile":3,"minecraft:powder_snow":3,"minecraft:torch":10,"minecraft:crafting_table":6,"minecraft:light_gray_terracotta":3,"immersive_weathering:soot":1,"minecraft:chest":2,"minecraft:dead_bush":1,"mekanism:tin_ore":2,"projectvibrantjourneys:mossy_rocks":1,"minecraft:copper_ore":1,"minecraft:glass":12,"minecraft:cobblestone":11,"minecraft:deepslate_coal_ore":1,"minecraft:oak_planks":18,"minecraft:blue_bed":2,"minecraft:wall_torch":3,"minecraft:white_terracotta":4,"mekanism:fluorite_ore":1,"minecraft:ice":7,"minecraft:blue_ice":1,"minecraft:spruce_log":14,"minecraft:grass":2,"k_turrets:titanium_ore":8,"minecraft:coal_ore":56,"projectvibrantjourneys:short_grass":2,"mekanism:lead_ore":6,"minecraft:dirt":3,"minecraft:sand":1,"minecraft:dripstone_block":1,"minecraft:brown_terracotta":11,"minecraft:cobweb":2,"minecraft:smooth_basalt":1,"minecraft:cracked_stone_bricks":1,"minecraft:terracotta":30,"minecraft:stone_bricks":6},"minecraft:used":{"minecraft:stone_sword":36,"minecraft:chest":2,"minecraft:spruce_planks":19,"minecraft:iron_sword":2,"minecraft:rotten_flesh":56,"minecraft:iron_chestplate":2,"minecraft:torch":76,"minecraft:dirt":10,"minecraft:mutton":1,"minecraft:diamond_helmet":5,"minecraft:snowball":2,"minecraft:packed_ice":11,"minecraft:stone_bricks":5,"minecraft:furnace":5,"minecraft:cooked_beef":5,"rottencreatures:frozen_rotten_flesh":24,"minecraft:powder_snow_bucket":7,"minecraft:iron_leggings":1,"minecraft:beetroot_soup":1,"minecraft:cooked_mutton":2,"minecraft:stone_pickaxe":89,"minecraft:oak_planks":58,"minecraft:ender_pearl":1,"minecraft:wooden_pickaxe":35,"minecraft:blue_bed":3,"minecraft:cracked_stone_bricks":1,"minecraft:crafting_table":4,"max_armory:copper_sword":3,"minecraft:black_terracotta":4,"sophisticatedbackpacks:backpack":2,"rottencreatures:treasure_chest":1,"minecraft:chicken":1,"minecraft:iron_pickaxe":228,"minecraft:bread":12,"minecraft:stone_axe":32,"minecraft:wooden_sword":2,"minecraft:diamond_sword":522,"minecraft:cobblestone":151,"minecraft:bucket":6,"minecraft:cooked_porkchop":3},"minecraft:killed":{"minecraft:cave_spider":2,"minecraft:witch":2,"alexsmobs:seagull":1,"alexsmobs:froststalker":3,"rottencreatures:hunter_wolf":1,"alexsmobs:tusklin":1,"rottencreatures:undead_miner":8,"minecraft:zombie_villager":2,"rottencreatures:frostbitten":12,"minecraft:bat":1,"rottencreatures:zombie_lackey":11,"rottencreatures:glacial_hunter":3,"mutantmonsters:creeper_minion":1,"minecraft:zombie":31,"minecraft:stray":3,"rottencreatures:skeleton_lackey":7,"alexsmobs:fly":1,"rottencreatures:swampy":7,"minecraft:enderman":3,"minecraft:cow":1},"minecraft:crafted":{"minecraft:furnace":1,"minecraft:diamond":2,"minecraft:stone_pickaxe":2,"minecraft:cooked_beef":8,"minecraft:diamond_sword":2,"sophisticatedbackpacks:backpack":1,"minecraft:cooked_porkchop":5,"minecraft:crafting_table":3,"minecraft:spruce_planks":48,"minecraft:wooden_pickaxe":2,"minecraft:gold_block":2,"minecraft:stone_axe":2,"minecraft:air":0,"minecraft:stick":28,"minecraft:iron_ingot":18,"minecraft:iron_pickaxe":1,"minecraft:stone_sword":2,"minecraft:gold_ingot":34,"minecraft:iron_leggings":1,"minecraft:torch":64},"minecraft:picked_up":{"rottencreatures:frozen_rotten_flesh":20,"minecraft:iron_chestplate":10,"minecraft:crafting_table":6,"minecraft:wheat":18,"minecraft:chicken":1,"minecraft:anvil":1,"minecraft:packed_ice":46,"minecraft:diamond_sword":13,"minecraft:wooden_pickaxe":7,"minecraft:enchanted_book":23,"alexsmobs:froststalker_horn":9,"minecraft:brewing_stand":2,"minecraft:shield":14,"minecraft:string":109,"minecraft:raw_copper":94,"minecraft:wooden_sword":2,"minecraft:iron_leggings":11,"minecraft:beetroot_soup":1,"minecraft:item_frame":10,"minecraft:experience_bottle":4,"minecraft:cracked_stone_bricks":4,"minecraft:gold_nugget":64,"minecraft:bucket":9,"minecraft:spruce_planks":187,"minecraft:beef":3,"minecraft:redstone_torch":3,"minecraft:iron_nugget":78,"minecraft:iron_pickaxe":9,"minecraft:chest":7,"minecraft:diamond_hoe":3,"farmersdelight:cabbage_seeds":20,"rottencreatures:treasure_chest":1,"minecraft:iron_boots":12,"minecraft:furnace":15,"minecraft:tipped_arrow":13,"minecraft:stick":47,"minecraft:raw_iron":48,"minecraft:sandstone":2,"minecraft:brown_terracotta":33,"minecraft:copper_ingot":12,"minecraft:torch":459,"sophisticatedbackpacks:backpack":7,"minecraft:porkchop":3,"minecraft:pointed_dripstone":14,"minecraft:carrot":1,"minecraft:brown_dye":4,"mekanism:raw_tin":53,"minecraft:tnt":36,"minecraft:stone_sword":8,"minecraft:arrow":4,"minecraft:rotten_flesh":369,"minecraft:beetroot_seeds":1,"k_turrets:raw_titanium":56,"farmersdelight:rope":14,"minecraft:saddle":2,"minecraft:gold_ingot":30,"minecraft:white_terracotta":12,"minecraft:cod":1,"minecraft:snowball":84,"minecraft:cobblestone":468,"minecraft:cooked_beef":8,"mekanism:raw_lead":48,"minecraft:glow_ink_sac":6,"projectvibrantjourneys:icicle":7,"minecraft:leather":40,"minecraft:powder_snow_bucket":6,"minecraft:potato":7,"minecraft:filled_map":7,"minecraft:tuff":1,"minecraft:gunpowder":41,"minecraft:blue_bed":4,"minecraft:dirt":38,"minecraft:paper":10,"minecraft:cooked_mutton":3,"minecraft:leather_boots":2,"minecraft:red_carpet":14,"minecraft:bone":143,"minecraft:apple":7,"minecraft:stone_bricks":20,"minecraft:raw_gold":10,"minecraft:iron_ingot":40,"minecraft:stone_pickaxe":9,"minecraft:mossy_stone_bricks":9,"minecraft:diamond_helmet":12,"minecraft:iron_sword":7,"minecraft:oak_planks":133,"minecraft:book":1,"minecraft:smooth_basalt":1,"minecraft:black_terracotta":12,"minecraft:cooked_porkchop":6,"minecraft:dripstone_block":16,"minecraft:poisonous_potato":14,"mekanism:ingot_tin":28,"minecraft:sand":2,"minecraft:pumpkin_seeds":2,"minecraft:barrel":4,"minecraft:spruce_log":23,"mekanism:raw_osmium":26,"minecraft:spider_eye":5,"alexsmobs:animal_dictionary":2,"minecraft:mossy_cobblestone":4,"minecraft:light_gray_terracotta":6,"minecraft:sugar":1,"max_armory:copper_sword":12,"minecraft:diamond":14,"minecraft:stone_axe":15,"minecraft:iron_helmet":4,"mekanism:fluorite_gem":32,"minecraft:blue_ice":4,"minecraft:emerald":9,"minecraft:golden_horse_armor":5,"minecraft:bread":24,"minecraft:terracotta":72,"minecraft:coal":584,"minecraft:ender_pearl":11},"minecraft:broken":{"minecraft:wooden_pickaxe":1},"minecraft:dropped":{"minecraft:iron_ingot":7,"minecraft:iron_sword":5,"minecraft:cooked_beef":11,"minecraft:mossy_cobblestone":2,"minecraft:diamond":1,"minecraft:crafting_table":2,"minecraft:cooked_porkchop":2,"minecraft:poisonous_potato":2,"minecraft:iron_helmet":4,"minecraft:cracked_stone_bricks":12,"minecraft:copper_ingot":6,"max_armory:copper_sword":5,"minecraft:coal":1,"projectvibrantjourneys:icicle":2,"minecraft:torch":84,"minecraft:iron_leggings":3,"minecraft:iron_pickaxe":1,"minecraft:bucket":1,"minecraft:furnace":1,"minecraft:stone_axe":1,"minecraft:iron_nugget":39,"minecraft:stone_sword":2,"minecraft:rotten_flesh":20,"minecraft:oak_planks":6,"minecraft:iron_boots":3,"sophisticatedbackpacks:backpack":1,"minecraft:white_terracotta":4,"minecraft:diamond_sword":1,"minecraft:shield":1,"minecraft:gunpowder":6,"minecraft:spruce_planks":22,"minecraft:iron_chestplate":1,"minecraft:mossy_stone_bricks":2,"minecraft:blue_ice":2,"k_turrets:raw_titanium":8,"minecraft:spider_eye":3,"minecraft:stone_bricks":22,"rottencreatures:frozen_rotten_flesh":3,"minecraft:stone_pickaxe":4,"minecraft:wooden_pickaxe":1,"minecraft:terracotta":44},"minecraft:killed_by":{"minecraft:player":2,"rottencreatures:zombie_lackey":3,"alexsmobs:tusklin":1,"rottencreatures:swampy":1,"minecraft:zombie":3,"rottencreatures:skeleton_lackey":1,"rottencreatures:frostbitten":1,"rottencreatures:undead_miner":5}},"DataVersion":2975}