{"stats":{"minecraft:dropped":{"minecraft:furnace":1,"minecraft:stone_axe":1,"minecraft:cooked_beef":2,"minecraft:stone_sword":1,"minecraft:mossy_cobblestone":2,"minecraft:crafting_table":1,"minecraft:rotten_flesh":6,"minecraft:copper_ingot":6,"max_armory:copper_sword":2,"minecraft:coal":1,"minecraft:spruce_planks":22,"minecraft:torch":84,"minecraft:mossy_stone_bricks":2,"minecraft:stone_pickaxe":4},"minecraft:custom":{"minecraft:interact_with_furnace":18,"minecraft:mob_kills":18,"minecraft:interact_with_crafting_table":13,"minecraft:open_barrel":3,"minecraft:damage_dealt_resisted":12,"minecraft:leave_game":1,"minecraft:time_since_death":15017,"minecraft:climb_one_cm":758,"minecraft:time_since_rest":15080,"minecraft:sprint_one_cm":108959,"minecraft:damage_taken":2963,"minecraft:walk_one_cm":217635,"minecraft:drop":42,"minecraft:damage_dealt":4698,"minecraft:fly_one_cm":153799,"minecraft:player_kills":2,"minecraft:crouch_one_cm":15847,"minecraft:play_time":84826,"minecraft:deaths":9,"minecraft:sneak_time":5236,"minecraft:walk_under_water_one_cm":927,"minecraft:jump":1384,"minecraft:walk_on_water_one_cm":7329,"minecraft:total_world_time":84826,"minecraft:fall_one_cm":35394},"minecraft:killed":{"rottencreatures:undead_miner":8,"minecraft:cave_spider":2,"minecraft:witch":1,"minecraft:zombie_villager":1,"minecraft:bat":1,"minecraft:zombie":4,"minecraft:enderman":1},"minecraft:picked_up":{"minecraft:iron_chestplate":3,"minecraft:crafting_table":5,"minecraft:glow_ink_sac":2,"mekanism:raw_lead":25,"minecraft:powder_snow_bucket":4,"minecraft:packed_ice":34,"minecraft:leather":15,"minecraft:diamond_sword":5,"minecraft:wooden_pickaxe":5,"minecraft:filled_map":2,"minecraft:enchanted_book":10,"minecraft:tuff":1,"minecraft:shield":6,"minecraft:dirt":8,"minecraft:string":13,"minecraft:raw_copper":88,"minecraft:wooden_sword":2,"minecraft:leather_boots":2,"minecraft:bone":10,"minecraft:stone_bricks":10,"minecraft:raw_gold":10,"minecraft:bucket":2,"minecraft:spruce_planks":187,"minecraft:stone_pickaxe":9,"minecraft:mossy_stone_bricks":9,"minecraft:iron_pickaxe":4,"minecraft:diamond_helmet":5,"minecraft:iron_sword":1,"minecraft:iron_boots":1,"minecraft:furnace":5,"minecraft:stick":36,"minecraft:raw_iron":48,"minecraft:smooth_basalt":1,"minecraft:copper_ingot":12,"minecraft:torch":183,"minecraft:dripstone_block":8,"mekanism:ingot_tin":12,"minecraft:pointed_dripstone":14,"minecraft:spruce_log":23,"minecraft:mossy_cobblestone":4,"mekanism:raw_osmium":26,"mekanism:raw_tin":13,"alexsmobs:animal_dictionary":2,"minecraft:tnt":24,"minecraft:stone_sword":6,"minecraft:rotten_flesh":23,"minecraft:sugar":1,"max_armory:copper_sword":5,"minecraft:diamond":4,"minecraft:stone_axe":8,"k_turrets:raw_titanium":16,"mekanism:fluorite_gem":12,"minecraft:bread":17,"minecraft:coal":157,"minecraft:snowball":20,"minecraft:cobblestone":230,"minecraft:ender_pearl":6},"minecraft:mined":{"projectvibrantjourneys:icicle":1,"minecraft:tuff":1,"minecraft:spruce_planks":8,"mekanism:osmium_ore":5,"immersive_weathering:icicle":17,"immersive_weathering:spruce_leaf_pile":2,"minecraft:powder_snow":3,"projectvibrantjourneys:rocks":1,"minecraft:crafting_table":3,"minecraft:glow_lichen":1,"minecraft:torch":10,"mekanism:tin_ore":2,"projectvibrantjourneys:mossy_rocks":1,"minecraft:copper_ore":1,"minecraft:cobblestone":5,"minecraft:deepslate_coal_ore":1,"minecraft:spruce_leaves":26,"minecraft:wall_torch":3,"minecraft:furnace":2,"mekanism:fluorite_ore":1,"minecraft:iron_ore":36,"minecraft:ice":7,"minecraft:blue_ice":1,"minecraft:spruce_log":14,"k_turrets:titanium_ore":8,"mekanism:lead_ore":6,"minecraft:grass":2,"minecraft:pointed_dripstone":4,"minecraft:coal_ore":56,"projectvibrantjourneys:short_grass":2,"minecraft:dripstone_block":1,"minecraft:packed_ice":7,"minecraft:cobweb":2,"minecraft:smooth_basalt":1,"minecraft:stone":84},"minecraft:used":{"minecraft:stone_sword":36,"minecraft:stone_pickaxe":89,"minecraft:iron_sword":1,"minecraft:spruce_planks":19,"minecraft:wooden_pickaxe":29,"minecraft:rotten_flesh":7,"minecraft:torch":42,"minecraft:crafting_table":2,"minecraft:diamond_helmet":2,"minecraft:snowball":2,"minecraft:packed_ice":6,"minecraft:iron_pickaxe":110,"minecraft:bread":3,"minecraft:stone_bricks":1,"minecraft:diamond_sword":59,"minecraft:stone_axe":11,"minecraft:wooden_sword":2,"minecraft:cobblestone":23,"minecraft:bucket":1,"minecraft:cooked_beef":3,"minecraft:powder_snow_bucket":1},"minecraft:killed_by":{"minecraft:player":1,"minecraft:zombie":2,"rottencreatures:undead_miner":5},"minecraft:crafted":{"minecraft:cooked_beef":5,"minecraft:diamond_sword":1,"minecraft:crafting_table":2,"minecraft:spruce_planks":48,"minecraft:wooden_pickaxe":2,"minecraft:furnace":1,"minecraft:stone_axe":2,"minecraft:air":0,"minecraft:diamond":2,"minecraft:stick":28,"minecraft:iron_leggings":1,"minecraft:iron_ingot":14,"minecraft:stone_pickaxe":2,"minecraft:stone_sword":2,"minecraft:torch":64}},"DataVersion":2975}