{"stats":{"minecraft:crafted":{"minecraft:furnace":1,"minecraft:diamond":2,"minecraft:stone_pickaxe":2,"minecraft:cooked_beef":5,"minecraft:diamond_sword":2,"sophisticatedbackpacks:backpack":1,"minecraft:cooked_porkchop":5,"minecraft:crafting_table":2,"minecraft:spruce_planks":48,"minecraft:wooden_pickaxe":2,"minecraft:stone_axe":2,"minecraft:air":0,"minecraft:stick":28,"minecraft:iron_pickaxe":1,"minecraft:iron_ingot":14,"minecraft:stone_sword":2,"minecraft:iron_leggings":1,"minecraft:torch":64},"minecraft:custom":{"minecraft:mob_kills":107,"minecraft:interact_with_crafting_table":20,"minecraft:open_barrel":3,"minecraft:damage_dealt_resisted":657,"minecraft:leave_game":1,"minecraft:time_since_death":2225,"minecraft:climb_one_cm":23936,"minecraft:sprint_one_cm":207797,"minecraft:walk_one_cm":509300,"minecraft:drop":78,"minecraft:damage_dealt_absorbed":212,"minecraft:play_time":167935,"minecraft:deaths":15,"minecraft:sneak_time":13043,"minecraft:walk_under_water_one_cm":1122,"minecraft:jump":2629,"minecraft:walk_on_water_one_cm":9925,"minecraft:total_world_time":167935,"minecraft:interact_with_furnace":33,"minecraft:time_since_rest":2255,"minecraft:damage_taken":5902,"minecraft:damage_dealt":19417,"minecraft:fly_one_cm":408742,"minecraft:player_kills":5,"minecraft:open_chest":19,"minecraft:crouch_one_cm":36385,"minecraft:fall_one_cm":54746},"minecraft:killed_by":{"minecraft:player":1,"rottencreatures:zombie_lackey":3,"rottencreatures:swampy":1,"minecraft:zombie":3,"rottencreatures:undead_miner":5},"minecraft:killed":{"minecraft:cave_spider":2,"minecraft:witch":2,"alexsmobs:froststalker":2,"rottencreatures:hunter_wolf":1,"alexsmobs:tusklin":1,"rottencreatures:undead_miner":8,"minecraft:zombie_villager":1,"rottencreatures:frostbitten":11,"minecraft:bat":1,"rottencreatures:zombie_lackey":8,"rottencreatures:glacial_hunter":3,"mutantmonsters:creeper_minion":1,"minecraft:zombie":20,"minecraft:stray":2,"alexsmobs:fly":1,"rottencreatures:skeleton_lackey":7,"rottencreatures:swampy":7,"minecraft:enderman":3},"minecraft:mined":{"minecraft:tuff":1,"minecraft:spruce_planks":8,"minecraft:black_terracotta":4,"immersive_weathering:frost":1,"minecraft:brewing_stand":2,"projectvibrantjourneys:rocks":1,"minecraft:glow_lichen":1,"minecraft:spruce_leaves":26,"minecraft:furnace":5,"minecraft:iron_ore":36,"minecraft:pointed_dripstone":4,"minecraft:packed_ice":8,"projectvibrantjourneys:seashells":1,"minecraft:stone":91,"projectvibrantjourneys:icicle":5,"mekanism:osmium_ore":5,"immersive_weathering:icicle":46,"immersive_weathering:spruce_leaf_pile":3,"minecraft:powder_snow":3,"minecraft:crafting_table":6,"minecraft:torch":10,"minecraft:light_gray_terracotta":3,"minecraft:chest":2,"minecraft:dead_bush":1,"mekanism:tin_ore":2,"projectvibrantjourneys:mossy_rocks":1,"minecraft:glass":12,"minecraft:copper_ore":1,"minecraft:cobblestone":9,"minecraft:deepslate_coal_ore":1,"minecraft:oak_planks":13,"minecraft:wall_torch":3,"minecraft:white_terracotta":4,"mekanism:fluorite_ore":1,"minecraft:blue_ice":1,"minecraft:ice":7,"minecraft:spruce_log":14,"k_turrets:titanium_ore":8,"minecraft:grass":2,"minecraft:coal_ore":56,"projectvibrantjourneys:short_grass":2,"mekanism:lead_ore":6,"minecraft:sand":1,"minecraft:dirt":2,"minecraft:dripstone_block":1,"minecraft:cobweb":2,"minecraft:brown_terracotta":11,"minecraft:smooth_basalt":1,"minecraft:terracotta":30,"minecraft:stone_bricks":2},"minecraft:used":{"minecraft:stone_sword":36,"minecraft:spruce_planks":19,"minecraft:iron_sword":2,"minecraft:rotten_flesh":46,"minecraft:iron_chestplate":1,"minecraft:torch":64,"minecraft:dirt":5,"minecraft:diamond_helmet":4,"minecraft:snowball":2,"minecraft:packed_ice":11,"minecraft:stone_bricks":5,"minecraft:furnace":4,"rottencreatures:frozen_rotten_flesh":12,"minecraft:cooked_beef":3,"minecraft:powder_snow_bucket":7,"minecraft:stone_pickaxe":89,"minecraft:oak_planks":15,"minecraft:ender_pearl":1,"minecraft:wooden_pickaxe":35,"minecraft:crafting_table":4,"max_armory:copper_sword":3,"minecraft:black_terracotta":4,"rottencreatures:treasure_chest":1,"minecraft:bread":3,"minecraft:iron_pickaxe":188,"minecraft:stone_axe":27,"minecraft:diamond_sword":404,"minecraft:wooden_sword":2,"minecraft:cobblestone":138,"minecraft:cooked_porkchop":3,"minecraft:bucket":6},"minecraft:dropped":{"minecraft:iron_ingot":7,"minecraft:iron_sword":1,"minecraft:cooked_beef":2,"minecraft:mossy_cobblestone":2,"minecraft:diamond":1,"minecraft:crafting_table":1,"minecraft:cooked_porkchop":2,"minecraft:poisonous_potato":2,"minecraft:iron_helmet":4,"minecraft:cracked_stone_bricks":11,"minecraft:copper_ingot":6,"max_armory:copper_sword":2,"minecraft:coal":1,"projectvibrantjourneys:icicle":2,"minecraft:torch":84,"minecraft:iron_leggings":3,"minecraft:iron_pickaxe":1,"minecraft:bucket":1,"minecraft:furnace":1,"minecraft:stone_axe":1,"minecraft:iron_nugget":39,"minecraft:stone_sword":1,"minecraft:rotten_flesh":6,"minecraft:white_terracotta":4,"minecraft:diamond_sword":1,"minecraft:shield":1,"minecraft:gunpowder":6,"minecraft:spruce_planks":22,"minecraft:mossy_stone_bricks":2,"minecraft:blue_ice":2,"k_turrets:raw_titanium":8,"minecraft:spider_eye":3,"minecraft:stone_bricks":22,"rottencreatures:frozen_rotten_flesh":3,"minecraft:stone_pickaxe":4,"minecraft:wooden_pickaxe":1,"minecraft:terracotta":44},"minecraft:broken":{"minecraft:wooden_pickaxe":1},"minecraft:picked_up":{"rottencreatures:frozen_rotten_flesh":16,"minecraft:iron_chestplate":7,"minecraft:crafting_table":6,"minecraft:anvil":1,"minecraft:diamond_sword":11,"minecraft:packed_ice":44,"minecraft:wooden_pickaxe":7,"minecraft:enchanted_book":22,"alexsmobs:froststalker_horn":9,"minecraft:brewing_stand":2,"minecraft:shield":12,"minecraft:string":107,"minecraft:raw_copper":94,"minecraft:wooden_sword":2,"minecraft:iron_leggings":9,"minecraft:cracked_stone_bricks":1,"minecraft:gold_nugget":58,"minecraft:bucket":9,"minecraft:spruce_planks":187,"minecraft:redstone_torch":2,"minecraft:iron_nugget":78,"minecraft:iron_pickaxe":8,"minecraft:chest":5,"minecraft:diamond_hoe":1,"rottencreatures:treasure_chest":1,"minecraft:iron_boots":6,"minecraft:furnace":12,"minecraft:tipped_arrow":7,"minecraft:stick":45,"minecraft:raw_iron":48,"minecraft:sandstone":2,"minecraft:copper_ingot":12,"minecraft:brown_terracotta":33,"minecraft:torch":421,"sophisticatedbackpacks:backpack":1,"minecraft:pointed_dripstone":14,"minecraft:carrot":1,"minecraft:brown_dye":4,"mekanism:raw_tin":53,"minecraft:tnt":36,"minecraft:stone_sword":8,"minecraft:arrow":2,"minecraft:rotten_flesh":226,"k_turrets:raw_titanium":56,"farmersdelight:rope":10,"minecraft:saddle":2,"minecraft:gold_ingot":30,"minecraft:white_terracotta":12,"minecraft:cod":1,"minecraft:snowball":84,"minecraft:cobblestone":466,"minecraft:glow_ink_sac":6,"mekanism:raw_lead":48,"projectvibrantjourneys:icicle":6,"minecraft:leather":36,"minecraft:powder_snow_bucket":6,"minecraft:filled_map":5,"minecraft:tuff":1,"minecraft:gunpowder":40,"minecraft:paper":10,"minecraft:dirt":33,"minecraft:leather_boots":2,"minecraft:bone":87,"minecraft:stone_bricks":19,"minecraft:raw_gold":10,"minecraft:stone_pickaxe":9,"minecraft:iron_ingot":31,"minecraft:mossy_stone_bricks":9,"minecraft:diamond_helmet":10,"minecraft:oak_planks":93,"minecraft:iron_sword":4,"minecraft:smooth_basalt":1,"minecraft:black_terracotta":12,"minecraft:cooked_porkchop":6,"minecraft:poisonous_potato":10,"minecraft:dripstone_block":16,"minecraft:sand":2,"mekanism:ingot_tin":28,"minecraft:spruce_log":23,"minecraft:spider_eye":3,"mekanism:raw_osmium":26,"alexsmobs:animal_dictionary":2,"minecraft:mossy_cobblestone":4,"minecraft:light_gray_terracotta":6,"minecraft:sugar":1,"max_armory:copper_sword":10,"minecraft:diamond":14,"minecraft:stone_axe":13,"minecraft:blue_ice":4,"minecraft:iron_helmet":4,"mekanism:fluorite_gem":32,"minecraft:emerald":5,"minecraft:golden_horse_armor":2,"minecraft:bread":17,"minecraft:terracotta":72,"minecraft:coal":578,"minecraft:ender_pearl":11}},"DataVersion":2975}