{"stats":{"minecraft:crafted":{"minecraft:furnace":1,"minecraft:diamond":2,"minecraft:stone_pickaxe":2,"minecraft:cooked_beef":5,"minecraft:diamond_sword":1,"minecraft:crafting_table":2,"minecraft:spruce_planks":48,"minecraft:wooden_pickaxe":2,"minecraft:stone_axe":2,"minecraft:air":0,"minecraft:stick":28,"minecraft:iron_ingot":14,"minecraft:stone_sword":2,"minecraft:iron_leggings":1,"minecraft:torch":64},"minecraft:custom":{"minecraft:mob_kills":22,"minecraft:interact_with_crafting_table":14,"minecraft:open_barrel":3,"minecraft:damage_dealt_resisted":12,"minecraft:leave_game":1,"minecraft:time_since_death":26126,"minecraft:climb_one_cm":758,"minecraft:sprint_one_cm":113480,"minecraft:walk_one_cm":242883,"minecraft:drop":44,"minecraft:play_time":95935,"minecraft:deaths":9,"minecraft:sneak_time":6515,"minecraft:walk_under_water_one_cm":927,"minecraft:jump":1582,"minecraft:walk_on_water_one_cm":7329,"minecraft:total_world_time":95935,"minecraft:interact_with_furnace":20,"minecraft:time_since_rest":26189,"minecraft:damage_taken":3092,"minecraft:damage_dealt":6136,"minecraft:fly_one_cm":165299,"minecraft:player_kills":3,"minecraft:crouch_one_cm":19218,"minecraft:fall_one_cm":36975},"minecraft:killed_by":{"minecraft:player":1,"minecraft:zombie":2,"rottencreatures:undead_miner":5},"minecraft:killed":{"minecraft:cave_spider":2,"minecraft:witch":1,"rottencreatures:undead_miner":8,"minecraft:zombie_villager":1,"minecraft:bat":1,"mutantmonsters:creeper_minion":1,"minecraft:zombie":6,"rottencreatures:swampy":1,"minecraft:enderman":1},"minecraft:mined":{"minecraft:tuff":1,"minecraft:spruce_planks":8,"minecraft:black_terracotta":4,"projectvibrantjourneys:rocks":1,"minecraft:glow_lichen":1,"minecraft:spruce_leaves":26,"minecraft:furnace":3,"minecraft:iron_ore":36,"minecraft:pointed_dripstone":4,"minecraft:packed_ice":8,"minecraft:stone":87,"projectvibrantjourneys:icicle":1,"mekanism:osmium_ore":5,"immersive_weathering:icicle":17,"immersive_weathering:spruce_leaf_pile":2,"minecraft:powder_snow":3,"minecraft:crafting_table":4,"minecraft:torch":10,"minecraft:light_gray_terracotta":3,"mekanism:tin_ore":2,"projectvibrantjourneys:mossy_rocks":1,"minecraft:copper_ore":1,"minecraft:cobblestone":7,"minecraft:deepslate_coal_ore":1,"minecraft:wall_torch":3,"minecraft:white_terracotta":4,"mekanism:fluorite_ore":1,"minecraft:blue_ice":1,"minecraft:ice":7,"minecraft:spruce_log":14,"k_turrets:titanium_ore":8,"minecraft:grass":2,"minecraft:coal_ore":56,"projectvibrantjourneys:short_grass":2,"mekanism:lead_ore":6,"minecraft:dripstone_block":1,"minecraft:cobweb":2,"minecraft:brown_terracotta":11,"minecraft:smooth_basalt":1,"minecraft:terracotta":21},"minecraft:used":{"minecraft:stone_sword":36,"minecraft:spruce_planks":19,"minecraft:iron_sword":1,"minecraft:rotten_flesh":7,"minecraft:torch":46,"minecraft:diamond_helmet":2,"minecraft:snowball":2,"minecraft:packed_ice":11,"minecraft:stone_bricks":1,"minecraft:furnace":2,"minecraft:cooked_beef":3,"minecraft:powder_snow_bucket":1,"minecraft:stone_pickaxe":89,"minecraft:wooden_pickaxe":29,"minecraft:crafting_table":3,"minecraft:bread":3,"minecraft:iron_pickaxe":165,"minecraft:stone_axe":12,"minecraft:diamond_sword":85,"minecraft:wooden_sword":2,"minecraft:cobblestone":27,"minecraft:bucket":1},"minecraft:dropped":{"minecraft:cooked_beef":2,"minecraft:mossy_cobblestone":2,"minecraft:crafting_table":1,"minecraft:copper_ingot":6,"max_armory:copper_sword":2,"minecraft:coal":1,"minecraft:torch":84,"minecraft:iron_pickaxe":1,"minecraft:furnace":1,"minecraft:stone_axe":1,"minecraft:stone_sword":1,"minecraft:rotten_flesh":6,"minecraft:spruce_planks":22,"minecraft:mossy_stone_bricks":2,"minecraft:stone_pickaxe":4,"minecraft:wooden_pickaxe":1},"minecraft:picked_up":{"minecraft:iron_chestplate":3,"minecraft:crafting_table":5,"minecraft:diamond_sword":5,"minecraft:packed_ice":34,"minecraft:wooden_pickaxe":5,"minecraft:enchanted_book":10,"minecraft:shield":6,"minecraft:string":13,"minecraft:raw_copper":88,"minecraft:wooden_sword":2,"minecraft:bucket":2,"minecraft:spruce_planks":187,"minecraft:iron_pickaxe":4,"minecraft:iron_boots":1,"minecraft:furnace":7,"minecraft:stick":36,"minecraft:raw_iron":48,"minecraft:copper_ingot":12,"minecraft:brown_terracotta":11,"minecraft:torch":183,"minecraft:pointed_dripstone":14,"mekanism:raw_tin":13,"minecraft:tnt":24,"minecraft:stone_sword":6,"minecraft:rotten_flesh":25,"k_turrets:raw_titanium":16,"minecraft:white_terracotta":4,"minecraft:snowball":20,"minecraft:cobblestone":239,"minecraft:glow_ink_sac":2,"mekanism:raw_lead":25,"minecraft:leather":15,"minecraft:powder_snow_bucket":4,"minecraft:filled_map":2,"minecraft:tuff":1,"minecraft:dirt":13,"minecraft:leather_boots":2,"minecraft:bone":10,"minecraft:stone_bricks":10,"minecraft:raw_gold":10,"minecraft:stone_pickaxe":9,"minecraft:iron_ingot":2,"minecraft:mossy_stone_bricks":9,"minecraft:diamond_helmet":5,"minecraft:iron_sword":1,"minecraft:smooth_basalt":1,"minecraft:black_terracotta":4,"minecraft:dripstone_block":8,"mekanism:ingot_tin":12,"minecraft:spruce_log":23,"mekanism:raw_osmium":26,"alexsmobs:animal_dictionary":2,"minecraft:mossy_cobblestone":4,"minecraft:light_gray_terracotta":3,"minecraft:sugar":1,"max_armory:copper_sword":5,"minecraft:diamond":4,"minecraft:stone_axe":8,"mekanism:fluorite_gem":12,"minecraft:bread":17,"minecraft:terracotta":21,"minecraft:coal":212,"minecraft:ender_pearl":6}},"DataVersion":2975}