{"stats":{"minecraft:crafted":{"minecraft:furnace":1,"minecraft:diamond":2,"minecraft:stone_pickaxe":2,"minecraft:cooked_beef":5,"minecraft:diamond_sword":2,"minecraft:cooked_porkchop":5,"minecraft:crafting_table":2,"minecraft:spruce_planks":48,"minecraft:wooden_pickaxe":2,"minecraft:stone_axe":2,"minecraft:air":0,"minecraft:stick":28,"minecraft:iron_pickaxe":1,"minecraft:iron_ingot":14,"minecraft:stone_sword":2,"minecraft:iron_leggings":1,"minecraft:torch":64},"minecraft:custom":{"minecraft:mob_kills":99,"minecraft:interact_with_crafting_table":19,"minecraft:open_barrel":3,"minecraft:damage_dealt_resisted":559,"minecraft:leave_game":1,"minecraft:time_since_death":16288,"minecraft:climb_one_cm":11260,"minecraft:sprint_one_cm":169028,"minecraft:walk_one_cm":428989,"minecraft:drop":75,"minecraft:damage_dealt_absorbed":92,"minecraft:play_time":143935,"minecraft:deaths":14,"minecraft:sneak_time":11199,"minecraft:walk_under_water_one_cm":1122,"minecraft:jump":2415,"minecraft:walk_on_water_one_cm":9925,"minecraft:total_world_time":143935,"minecraft:interact_with_furnace":29,"minecraft:time_since_rest":16314,"minecraft:damage_taken":5200,"minecraft:damage_dealt":16702,"minecraft:fly_one_cm":266817,"minecraft:player_kills":5,"minecraft:open_chest":9,"minecraft:crouch_one_cm":34811,"minecraft:fall_one_cm":53341},"minecraft:killed_by":{"minecraft:player":1,"rottencreatures:zombie_lackey":3,"rottencreatures:swampy":1,"minecraft:zombie":2,"rottencreatures:undead_miner":5},"minecraft:killed":{"minecraft:cave_spider":2,"minecraft:witch":1,"alexsmobs:froststalker":2,"rottencreatures:hunter_wolf":1,"alexsmobs:tusklin":1,"rottencreatures:undead_miner":8,"minecraft:zombie_villager":1,"rottencreatures:frostbitten":11,"minecraft:bat":1,"rottencreatures:zombie_lackey":8,"rottencreatures:glacial_hunter":3,"mutantmonsters:creeper_minion":1,"minecraft:zombie":13,"minecraft:stray":2,"rottencreatures:skeleton_lackey":7,"rottencreatures:swampy":7,"minecraft:enderman":2},"minecraft:mined":{"minecraft:tuff":1,"minecraft:spruce_planks":8,"minecraft:black_terracotta":4,"projectvibrantjourneys:rocks":1,"minecraft:glow_lichen":1,"minecraft:spruce_leaves":26,"minecraft:furnace":4,"minecraft:iron_ore":36,"minecraft:pointed_dripstone":4,"minecraft:packed_ice":8,"projectvibrantjourneys:seashells":1,"minecraft:stone":91,"projectvibrantjourneys:icicle":2,"mekanism:osmium_ore":5,"immersive_weathering:icicle":18,"immersive_weathering:spruce_leaf_pile":2,"minecraft:powder_snow":3,"minecraft:crafting_table":5,"minecraft:torch":10,"minecraft:light_gray_terracotta":3,"minecraft:dead_bush":1,"mekanism:tin_ore":2,"projectvibrantjourneys:mossy_rocks":1,"minecraft:glass":12,"minecraft:copper_ore":1,"minecraft:cobblestone":8,"minecraft:deepslate_coal_ore":1,"minecraft:oak_planks":13,"minecraft:wall_torch":3,"minecraft:white_terracotta":4,"mekanism:fluorite_ore":1,"minecraft:blue_ice":1,"minecraft:ice":7,"minecraft:spruce_log":14,"k_turrets:titanium_ore":8,"minecraft:grass":2,"minecraft:coal_ore":56,"projectvibrantjourneys:short_grass":2,"mekanism:lead_ore":6,"minecraft:sand":1,"minecraft:dirt":2,"minecraft:dripstone_block":1,"minecraft:cobweb":2,"minecraft:brown_terracotta":11,"minecraft:smooth_basalt":1,"minecraft:terracotta":30,"minecraft:stone_bricks":2},"minecraft:used":{"minecraft:stone_sword":36,"minecraft:spruce_planks":19,"minecraft:iron_sword":2,"minecraft:rotten_flesh":38,"minecraft:iron_chestplate":1,"minecraft:torch":51,"minecraft:dirt":5,"minecraft:diamond_helmet":4,"minecraft:snowball":2,"minecraft:packed_ice":11,"minecraft:stone_bricks":5,"minecraft:furnace":4,"rottencreatures:frozen_rotten_flesh":6,"minecraft:cooked_beef":3,"minecraft:powder_snow_bucket":7,"minecraft:stone_pickaxe":89,"minecraft:oak_planks":15,"minecraft:ender_pearl":1,"minecraft:wooden_pickaxe":35,"minecraft:crafting_table":4,"max_armory:copper_sword":3,"minecraft:black_terracotta":4,"minecraft:bread":3,"minecraft:iron_pickaxe":183,"minecraft:stone_axe":24,"minecraft:diamond_sword":315,"minecraft:wooden_sword":2,"minecraft:cobblestone":128,"minecraft:cooked_porkchop":3,"minecraft:bucket":6},"minecraft:dropped":{"minecraft:iron_ingot":3,"minecraft:iron_sword":1,"minecraft:cooked_beef":2,"minecraft:mossy_cobblestone":2,"minecraft:diamond":1,"minecraft:crafting_table":1,"minecraft:cooked_porkchop":2,"minecraft:poisonous_potato":2,"minecraft:iron_helmet":4,"minecraft:cracked_stone_bricks":11,"minecraft:copper_ingot":6,"max_armory:copper_sword":2,"minecraft:coal":1,"minecraft:torch":84,"minecraft:iron_leggings":3,"minecraft:iron_pickaxe":1,"minecraft:bucket":1,"minecraft:furnace":1,"minecraft:stone_axe":1,"minecraft:stone_sword":1,"minecraft:rotten_flesh":6,"minecraft:white_terracotta":4,"minecraft:diamond_sword":1,"minecraft:shield":1,"minecraft:gunpowder":6,"minecraft:spruce_planks":22,"minecraft:mossy_stone_bricks":2,"minecraft:blue_ice":2,"k_turrets:raw_titanium":8,"minecraft:spider_eye":3,"minecraft:stone_bricks":22,"rottencreatures:frozen_rotten_flesh":3,"minecraft:stone_pickaxe":4,"minecraft:wooden_pickaxe":1,"minecraft:terracotta":44},"minecraft:broken":{"minecraft:wooden_pickaxe":1},"minecraft:picked_up":{"rottencreatures:frozen_rotten_flesh":10,"minecraft:iron_chestplate":6,"minecraft:crafting_table":6,"minecraft:anvil":1,"minecraft:diamond_sword":10,"minecraft:packed_ice":42,"minecraft:wooden_pickaxe":7,"minecraft:enchanted_book":22,"alexsmobs:froststalker_horn":9,"minecraft:shield":11,"minecraft:string":85,"minecraft:raw_copper":88,"minecraft:wooden_sword":2,"minecraft:iron_leggings":8,"minecraft:cracked_stone_bricks":1,"minecraft:gold_nugget":8,"minecraft:bucket":9,"minecraft:spruce_planks":187,"minecraft:iron_pickaxe":7,"rottencreatures:treasure_chest":1,"minecraft:iron_boots":5,"minecraft:furnace":10,"minecraft:tipped_arrow":2,"minecraft:stick":41,"minecraft:raw_iron":48,"minecraft:copper_ingot":12,"minecraft:brown_terracotta":33,"minecraft:torch":370,"minecraft:pointed_dripstone":14,"minecraft:carrot":1,"minecraft:brown_dye":4,"mekanism:raw_tin":53,"minecraft:tnt":36,"minecraft:stone_sword":6,"minecraft:arrow":2,"minecraft:rotten_flesh":151,"k_turrets:raw_titanium":56,"farmersdelight:rope":10,"minecraft:saddle":1,"minecraft:gold_ingot":10,"minecraft:white_terracotta":12,"minecraft:cod":1,"minecraft:snowball":50,"minecraft:cobblestone":454,"minecraft:glow_ink_sac":6,"mekanism:raw_lead":48,"projectvibrantjourneys:icicle":2,"minecraft:leather":31,"minecraft:powder_snow_bucket":6,"minecraft:filled_map":4,"minecraft:tuff":1,"minecraft:gunpowder":38,"minecraft:paper":3,"minecraft:dirt":29,"minecraft:leather_boots":2,"minecraft:bone":83,"minecraft:stone_bricks":19,"minecraft:raw_gold":10,"minecraft:stone_pickaxe":9,"minecraft:iron_ingot":29,"minecraft:mossy_stone_bricks":9,"minecraft:diamond_helmet":9,"minecraft:oak_planks":93,"minecraft:iron_sword":2,"minecraft:smooth_basalt":1,"minecraft:black_terracotta":12,"minecraft:cooked_porkchop":6,"minecraft:poisonous_potato":6,"minecraft:dripstone_block":16,"mekanism:ingot_tin":28,"minecraft:spruce_log":23,"minecraft:spider_eye":3,"mekanism:raw_osmium":26,"alexsmobs:animal_dictionary":2,"minecraft:mossy_cobblestone":4,"minecraft:light_gray_terracotta":6,"minecraft:sugar":1,"max_armory:copper_sword":8,"minecraft:diamond":14,"minecraft:stone_axe":12,"minecraft:blue_ice":4,"minecraft:iron_helmet":4,"mekanism:fluorite_gem":32,"minecraft:bread":17,"minecraft:terracotta":72,"minecraft:coal":578,"minecraft:ender_pearl":11}},"DataVersion":2975}