{"stats":{"minecraft:crafted":{"minecraft:furnace":1,"minecraft:diamond":2,"minecraft:stone_pickaxe":2,"minecraft:cooked_beef":8,"minecraft:diamond_sword":2,"sophisticatedbackpacks:backpack":1,"minecraft:cooked_porkchop":5,"minecraft:crafting_table":3,"minecraft:spruce_planks":48,"minecraft:wooden_pickaxe":2,"minecraft:stone_axe":2,"minecraft:air":0,"minecraft:gold_ingot":2,"minecraft:stick":28,"minecraft:iron_pickaxe":1,"minecraft:iron_ingot":18,"minecraft:stone_sword":2,"minecraft:iron_leggings":1,"minecraft:torch":64},"minecraft:custom":{"minecraft:mob_kills":122,"minecraft:interact_with_crafting_table":21,"minecraft:open_barrel":7,"minecraft:damage_dealt_resisted":922,"minecraft:leave_game":2,"minecraft:time_since_death":27753,"minecraft:climb_one_cm":31898,"minecraft:sprint_one_cm":262193,"minecraft:walk_one_cm":683701,"minecraft:drop":107,"minecraft:damage_dealt_absorbed":212,"minecraft:play_time":218576,"minecraft:deaths":16,"minecraft:sneak_time":18702,"minecraft:walk_under_water_one_cm":1509,"minecraft:jump":3341,"minecraft:walk_on_water_one_cm":11428,"minecraft:total_world_time":218576,"minecraft:interact_with_furnace":38,"minecraft:sleep_in_bed":1,"minecraft:time_since_rest":3286,"minecraft:damage_taken":7109,"minecraft:damage_dealt":23104,"minecraft:fly_one_cm":504368,"minecraft:player_kills":5,"minecraft:open_chest":35,"minecraft:crouch_one_cm":54901,"minecraft:fall_one_cm":72588},"minecraft:killed_by":{"minecraft:player":1,"rottencreatures:zombie_lackey":3,"alexsmobs:tusklin":1,"rottencreatures:swampy":1,"minecraft:zombie":3,"rottencreatures:undead_miner":5},"minecraft:killed":{"minecraft:cave_spider":2,"minecraft:witch":2,"alexsmobs:seagull":1,"alexsmobs:froststalker":3,"rottencreatures:hunter_wolf":1,"alexsmobs:tusklin":1,"rottencreatures:undead_miner":8,"minecraft:zombie_villager":2,"rottencreatures:frostbitten":11,"minecraft:bat":1,"rottencreatures:zombie_lackey":10,"rottencreatures:glacial_hunter":3,"mutantmonsters:creeper_minion":1,"minecraft:zombie":24,"minecraft:stray":3,"alexsmobs:fly":1,"rottencreatures:skeleton_lackey":7,"rottencreatures:swampy":7,"minecraft:cow":1,"minecraft:enderman":3},"minecraft:mined":{"minecraft:red_carpet":5,"minecraft:tuff":1,"minecraft:spruce_planks":8,"minecraft:blue_stained_glass_pane":2,"minecraft:black_terracotta":4,"immersive_weathering:frost":1,"minecraft:brewing_stand":2,"projectvibrantjourneys:rocks":1,"minecraft:glow_lichen":1,"minecraft:spruce_leaves":26,"minecraft:light_blue_stained_glass":2,"minecraft:furnace":6,"minecraft:iron_ore":36,"projectvibrantjourneys:bark_mushroom":1,"minecraft:pointed_dripstone":4,"minecraft:packed_ice":9,"projectvibrantjourneys:seashells":1,"minecraft:stone":91,"projectvibrantjourneys:icicle":6,"mekanism:osmium_ore":5,"minecraft:quartz_block":1,"immersive_weathering:icicle":86,"immersive_weathering:spruce_leaf_pile":3,"minecraft:powder_snow":3,"minecraft:crafting_table":6,"minecraft:torch":10,"minecraft:light_gray_terracotta":3,"immersive_weathering:soot":1,"minecraft:chest":2,"minecraft:dead_bush":1,"mekanism:tin_ore":2,"projectvibrantjourneys:mossy_rocks":1,"minecraft:glass":12,"minecraft:copper_ore":1,"minecraft:cobblestone":11,"minecraft:deepslate_coal_ore":1,"minecraft:oak_planks":18,"minecraft:blue_bed":1,"minecraft:wall_torch":3,"minecraft:white_terracotta":4,"mekanism:fluorite_ore":1,"minecraft:blue_ice":1,"minecraft:ice":7,"minecraft:spruce_log":14,"k_turrets:titanium_ore":8,"minecraft:grass":2,"minecraft:coal_ore":56,"projectvibrantjourneys:short_grass":2,"mekanism:lead_ore":6,"minecraft:sand":1,"minecraft:dirt":3,"minecraft:dripstone_block":1,"minecraft:cracked_stone_bricks":1,"minecraft:cobweb":2,"minecraft:brown_terracotta":11,"minecraft:smooth_basalt":1,"minecraft:terracotta":30,"minecraft:stone_bricks":5},"minecraft:used":{"minecraft:stone_sword":36,"minecraft:chest":2,"minecraft:spruce_planks":19,"minecraft:iron_sword":2,"minecraft:rotten_flesh":54,"minecraft:iron_chestplate":2,"minecraft:torch":73,"minecraft:dirt":10,"minecraft:diamond_helmet":4,"minecraft:snowball":2,"minecraft:packed_ice":11,"minecraft:stone_bricks":5,"minecraft:furnace":5,"rottencreatures:frozen_rotten_flesh":16,"minecraft:cooked_beef":5,"minecraft:powder_snow_bucket":7,"minecraft:beetroot_soup":1,"minecraft:cooked_mutton":1,"minecraft:stone_pickaxe":89,"minecraft:oak_planks":23,"minecraft:ender_pearl":1,"minecraft:wooden_pickaxe":35,"minecraft:blue_bed":2,"minecraft:cracked_stone_bricks":1,"minecraft:crafting_table":4,"max_armory:copper_sword":3,"minecraft:black_terracotta":4,"rottencreatures:treasure_chest":1,"minecraft:bread":12,"minecraft:iron_pickaxe":209,"minecraft:stone_axe":32,"minecraft:diamond_sword":477,"minecraft:wooden_sword":2,"minecraft:cobblestone":151,"minecraft:cooked_porkchop":3,"minecraft:bucket":6},"minecraft:dropped":{"minecraft:iron_ingot":7,"minecraft:iron_sword":1,"minecraft:cooked_beef":11,"minecraft:mossy_cobblestone":2,"minecraft:diamond":1,"minecraft:crafting_table":2,"minecraft:cooked_porkchop":2,"minecraft:poisonous_potato":2,"minecraft:iron_helmet":4,"minecraft:cracked_stone_bricks":12,"minecraft:copper_ingot":6,"max_armory:copper_sword":2,"minecraft:coal":1,"projectvibrantjourneys:icicle":2,"minecraft:torch":84,"minecraft:iron_leggings":3,"minecraft:iron_pickaxe":1,"minecraft:bucket":1,"minecraft:furnace":1,"minecraft:stone_axe":1,"minecraft:iron_nugget":39,"minecraft:stone_sword":2,"minecraft:rotten_flesh":20,"minecraft:oak_planks":6,"minecraft:iron_boots":3,"minecraft:white_terracotta":4,"minecraft:diamond_sword":1,"minecraft:shield":1,"minecraft:gunpowder":6,"minecraft:spruce_planks":22,"minecraft:iron_chestplate":1,"minecraft:mossy_stone_bricks":2,"minecraft:blue_ice":2,"k_turrets:raw_titanium":8,"minecraft:spider_eye":3,"minecraft:stone_bricks":22,"rottencreatures:frozen_rotten_flesh":3,"minecraft:stone_pickaxe":4,"minecraft:wooden_pickaxe":1,"minecraft:terracotta":44},"minecraft:broken":{"minecraft:wooden_pickaxe":1},"minecraft:picked_up":{"rottencreatures:frozen_rotten_flesh":20,"minecraft:iron_chestplate":9,"minecraft:crafting_table":6,"minecraft:wheat":5,"minecraft:chicken":1,"minecraft:anvil":1,"minecraft:diamond_sword":12,"minecraft:packed_ice":46,"minecraft:wooden_pickaxe":7,"minecraft:enchanted_book":22,"alexsmobs:froststalker_horn":9,"minecraft:brewing_stand":2,"minecraft:shield":13,"minecraft:string":107,"minecraft:raw_copper":94,"minecraft:wooden_sword":2,"minecraft:iron_leggings":10,"minecraft:beetroot_soup":1,"minecraft:item_frame":6,"minecraft:experience_bottle":2,"minecraft:cracked_stone_bricks":4,"minecraft:gold_nugget":58,"minecraft:bucket":9,"minecraft:spruce_planks":187,"minecraft:beef":3,"minecraft:redstone_torch":3,"minecraft:iron_nugget":78,"minecraft:iron_pickaxe":9,"minecraft:chest":7,"farmersdelight:cabbage_seeds":8,"minecraft:diamond_hoe":2,"rottencreatures:treasure_chest":1,"minecraft:iron_boots":11,"minecraft:furnace":14,"minecraft:tipped_arrow":13,"minecraft:stick":47,"minecraft:raw_iron":48,"minecraft:sandstone":2,"minecraft:copper_ingot":12,"minecraft:brown_terracotta":33,"minecraft:torch":459,"sophisticatedbackpacks:backpack":2,"minecraft:porkchop":3,"minecraft:pointed_dripstone":14,"minecraft:carrot":1,"minecraft:brown_dye":4,"mekanism:raw_tin":53,"minecraft:tnt":36,"minecraft:stone_sword":8,"minecraft:arrow":4,"minecraft:rotten_flesh":298,"minecraft:beetroot_seeds":1,"k_turrets:raw_titanium":56,"farmersdelight:rope":10,"minecraft:saddle":2,"minecraft:gold_ingot":30,"minecraft:white_terracotta":12,"minecraft:cod":1,"minecraft:snowball":84,"minecraft:cobblestone":468,"minecraft:cooked_beef":8,"minecraft:glow_ink_sac":6,"mekanism:raw_lead":48,"projectvibrantjourneys:icicle":6,"minecraft:leather":38,"minecraft:powder_snow_bucket":6,"minecraft:potato":7,"minecraft:filled_map":6,"minecraft:tuff":1,"minecraft:gunpowder":40,"minecraft:blue_bed":3,"minecraft:paper":10,"minecraft:dirt":38,"minecraft:cooked_mutton":1,"minecraft:leather_boots":2,"minecraft:red_carpet":7,"minecraft:bone":90,"minecraft:apple":4,"minecraft:stone_bricks":19,"minecraft:raw_gold":10,"minecraft:stone_pickaxe":9,"minecraft:iron_ingot":34,"minecraft:mossy_stone_bricks":9,"minecraft:diamond_helmet":11,"minecraft:oak_planks":98,"minecraft:iron_sword":5,"minecraft:book":1,"minecraft:smooth_basalt":1,"minecraft:black_terracotta":12,"minecraft:cooked_porkchop":6,"minecraft:poisonous_potato":12,"minecraft:dripstone_block":16,"minecraft:sand":2,"mekanism:ingot_tin":28,"minecraft:spruce_log":23,"minecraft:spider_eye":3,"mekanism:raw_osmium":26,"alexsmobs:animal_dictionary":2,"minecraft:mossy_cobblestone":4,"minecraft:light_gray_terracotta":6,"minecraft:sugar":1,"max_armory:copper_sword":10,"minecraft:diamond":14,"minecraft:stone_axe":14,"minecraft:blue_ice":4,"minecraft:iron_helmet":4,"mekanism:fluorite_gem":32,"minecraft:emerald":9,"minecraft:golden_horse_armor":3,"minecraft:bread":24,"minecraft:terracotta":72,"minecraft:coal":578,"minecraft:ender_pearl":11}},"DataVersion":2975}