{"stats":{"minecraft:custom":{"minecraft:time_since_rest":1076,"minecraft:crouch_one_cm":436,"minecraft:play_time":5664,"minecraft:sprint_one_cm":4567,"minecraft:walk_one_cm":14719,"minecraft:damage_taken":358,"minecraft:deaths":1,"minecraft:sneak_time":138,"minecraft:jump":52,"minecraft:damage_dealt":40,"minecraft:time_since_death":984,"minecraft:total_world_time":5664,"minecraft:fall_one_cm":1732,"minecraft:fly_one_cm":6075},"minecraft:mined":{"immersive_weathering:icicle":9,"immersive_weathering:spruce_leaf_pile":2,"minecraft:spruce_leaves":26,"minecraft:spruce_log":14},"minecraft:picked_up":{"minecraft:wooden_sword":1,"minecraft:stick":5,"minecraft:leather_boots":1,"minecraft:bread":9,"minecraft:shield":1,"minecraft:spruce_log":23,"minecraft:coal":2,"alexsmobs:animal_dictionary":1},"minecraft:used":{"minecraft:wooden_sword":2}},"DataVersion":2975}