{"stats":{"minecraft:crafted":{"minecraft:furnace":1,"minecraft:diamond":2,"minecraft:stone_pickaxe":2,"minecraft:cooked_beef":5,"minecraft:diamond_sword":1,"minecraft:cooked_porkchop":5,"minecraft:crafting_table":2,"minecraft:spruce_planks":48,"minecraft:wooden_pickaxe":2,"minecraft:stone_axe":2,"minecraft:air":0,"minecraft:stick":28,"minecraft:iron_pickaxe":1,"minecraft:iron_ingot":14,"minecraft:stone_sword":2,"minecraft:iron_leggings":1,"minecraft:torch":64},"minecraft:custom":{"minecraft:mob_kills":43,"minecraft:interact_with_crafting_table":16,"minecraft:open_barrel":3,"minecraft:damage_dealt_resisted":12,"minecraft:leave_game":1,"minecraft:time_since_death":21101,"minecraft:climb_one_cm":7318,"minecraft:sprint_one_cm":152452,"minecraft:walk_one_cm":315085,"minecraft:drop":57,"minecraft:damage_dealt_absorbed":40,"minecraft:play_time":119935,"minecraft:deaths":11,"minecraft:sneak_time":9797,"minecraft:walk_under_water_one_cm":1122,"minecraft:jump":2165,"minecraft:walk_on_water_one_cm":7394,"minecraft:total_world_time":119935,"minecraft:interact_with_furnace":27,"minecraft:time_since_rest":21263,"minecraft:damage_taken":3753,"minecraft:damage_dealt":9156,"minecraft:fly_one_cm":236185,"minecraft:player_kills":4,"minecraft:open_chest":3,"minecraft:crouch_one_cm":26480,"minecraft:fall_one_cm":48675},"minecraft:killed_by":{"minecraft:player":1,"rottencreatures:swampy":1,"minecraft:zombie":2,"rottencreatures:undead_miner":5},"minecraft:killed":{"minecraft:cave_spider":2,"minecraft:witch":1,"alexsmobs:froststalker":2,"rottencreatures:hunter_wolf":1,"alexsmobs:tusklin":1,"rottencreatures:undead_miner":8,"minecraft:zombie_villager":1,"minecraft:bat":1,"rottencreatures:glacial_hunter":1,"mutantmonsters:creeper_minion":1,"minecraft:zombie":11,"rottencreatures:swampy":7,"minecraft:enderman":1},"minecraft:mined":{"minecraft:tuff":1,"minecraft:spruce_planks":8,"minecraft:black_terracotta":4,"projectvibrantjourneys:rocks":1,"minecraft:glow_lichen":1,"minecraft:spruce_leaves":26,"minecraft:furnace":4,"minecraft:iron_ore":36,"minecraft:pointed_dripstone":4,"minecraft:packed_ice":8,"projectvibrantjourneys:seashells":1,"minecraft:stone":87,"projectvibrantjourneys:icicle":2,"mekanism:osmium_ore":5,"immersive_weathering:icicle":17,"immersive_weathering:spruce_leaf_pile":2,"minecraft:powder_snow":3,"minecraft:crafting_table":5,"minecraft:torch":10,"minecraft:light_gray_terracotta":3,"minecraft:dead_bush":1,"mekanism:tin_ore":2,"projectvibrantjourneys:mossy_rocks":1,"minecraft:glass":2,"minecraft:copper_ore":1,"minecraft:cobblestone":8,"minecraft:deepslate_coal_ore":1,"minecraft:wall_torch":3,"minecraft:white_terracotta":4,"mekanism:fluorite_ore":1,"minecraft:blue_ice":1,"minecraft:ice":7,"minecraft:spruce_log":14,"k_turrets:titanium_ore":8,"minecraft:grass":2,"minecraft:coal_ore":56,"projectvibrantjourneys:short_grass":2,"mekanism:lead_ore":6,"minecraft:dirt":2,"minecraft:dripstone_block":1,"minecraft:cobweb":2,"minecraft:brown_terracotta":11,"minecraft:smooth_basalt":1,"minecraft:terracotta":21,"minecraft:stone_bricks":1},"minecraft:used":{"minecraft:stone_sword":36,"minecraft:spruce_planks":19,"minecraft:iron_sword":1,"minecraft:rotten_flesh":23,"minecraft:iron_chestplate":1,"minecraft:torch":51,"minecraft:diamond_helmet":3,"minecraft:snowball":2,"minecraft:packed_ice":11,"minecraft:stone_bricks":5,"minecraft:furnace":2,"minecraft:cooked_beef":3,"minecraft:powder_snow_bucket":7,"minecraft:stone_pickaxe":89,"minecraft:ender_pearl":1,"minecraft:wooden_pickaxe":35,"minecraft:crafting_table":4,"max_armory:copper_sword":3,"minecraft:black_terracotta":4,"minecraft:bread":3,"minecraft:iron_pickaxe":167,"minecraft:stone_axe":13,"minecraft:diamond_sword":140,"minecraft:wooden_sword":2,"minecraft:cobblestone":46,"minecraft:cooked_porkchop":1,"minecraft:bucket":6},"minecraft:dropped":{"minecraft:iron_ingot":3,"minecraft:cooked_beef":2,"minecraft:mossy_cobblestone":2,"minecraft:crafting_table":1,"minecraft:cooked_porkchop":2,"minecraft:iron_helmet":2,"minecraft:copper_ingot":6,"max_armory:copper_sword":2,"minecraft:coal":1,"minecraft:torch":84,"minecraft:iron_leggings":2,"minecraft:iron_pickaxe":1,"minecraft:furnace":1,"minecraft:stone_axe":1,"minecraft:stone_sword":1,"minecraft:rotten_flesh":6,"minecraft:white_terracotta":4,"minecraft:gunpowder":6,"minecraft:spruce_planks":22,"minecraft:mossy_stone_bricks":2,"minecraft:stone_bricks":3,"minecraft:stone_pickaxe":4,"minecraft:wooden_pickaxe":1},"minecraft:broken":{"minecraft:wooden_pickaxe":1},"minecraft:picked_up":{"minecraft:iron_chestplate":5,"minecraft:crafting_table":6,"minecraft:diamond_sword":7,"minecraft:packed_ice":36,"minecraft:wooden_pickaxe":7,"minecraft:enchanted_book":16,"alexsmobs:froststalker_horn":3,"minecraft:shield":8,"minecraft:string":30,"minecraft:raw_copper":88,"minecraft:wooden_sword":2,"minecraft:iron_leggings":4,"minecraft:bucket":4,"minecraft:spruce_planks":187,"minecraft:iron_pickaxe":4,"minecraft:iron_boots":3,"minecraft:furnace":10,"minecraft:stick":38,"minecraft:raw_iron":48,"minecraft:copper_ingot":12,"minecraft:brown_terracotta":33,"minecraft:torch":251,"minecraft:pointed_dripstone":14,"minecraft:brown_dye":2,"mekanism:raw_tin":23,"minecraft:tnt":30,"minecraft:stone_sword":6,"minecraft:rotten_flesh":55,"k_turrets:raw_titanium":32,"minecraft:white_terracotta":12,"minecraft:snowball":28,"minecraft:cobblestone":354,"minecraft:glow_ink_sac":4,"mekanism:raw_lead":48,"projectvibrantjourneys:icicle":2,"minecraft:leather":22,"minecraft:powder_snow_bucket":6,"minecraft:filled_map":3,"minecraft:tuff":1,"minecraft:gunpowder":6,"minecraft:dirt":20,"minecraft:leather_boots":2,"minecraft:bone":13,"minecraft:stone_bricks":19,"minecraft:raw_gold":10,"minecraft:stone_pickaxe":9,"minecraft:iron_ingot":20,"minecraft:mossy_stone_bricks":9,"minecraft:diamond_helmet":7,"minecraft:iron_sword":1,"minecraft:smooth_basalt":1,"minecraft:black_terracotta":12,"minecraft:poisonous_potato":2,"minecraft:dripstone_block":12,"mekanism:ingot_tin":20,"minecraft:spruce_log":23,"mekanism:raw_osmium":26,"alexsmobs:animal_dictionary":2,"minecraft:mossy_cobblestone":4,"minecraft:light_gray_terracotta":6,"minecraft:sugar":1,"max_armory:copper_sword":7,"minecraft:diamond":6,"minecraft:stone_axe":10,"minecraft:blue_ice":2,"minecraft:iron_helmet":2,"mekanism:fluorite_gem":20,"minecraft:bread":17,"minecraft:terracotta":67,"minecraft:coal":386,"minecraft:ender_pearl":10}},"DataVersion":2975}