{"stats":{"minecraft:dropped":{"minecraft:stone_pickaxe":1},"minecraft:custom":{"minecraft:time_since_rest":9470,"minecraft:sprint_one_cm":20215,"minecraft:damage_taken":757,"minecraft:walk_one_cm":46710,"minecraft:mob_kills":3,"minecraft:drop":1,"minecraft:damage_dealt":1147,"minecraft:interact_with_crafting_table":3,"minecraft:fly_one_cm":26138,"minecraft:crouch_one_cm":2876,"minecraft:play_time":17664,"minecraft:deaths":2,"minecraft:sneak_time":924,"minecraft:damage_dealt_resisted":12,"minecraft:jump":225,"minecraft:time_since_death":9438,"minecraft:total_world_time":17664,"minecraft:fall_one_cm":4801},"minecraft:killed":{"rottencreatures:undead_miner":1,"minecraft:zombie":2,"minecraft:witch":1,"minecraft:zombie_villager":1},"minecraft:picked_up":{"minecraft:stick":5,"minecraft:crafting_table":2,"minecraft:smooth_basalt":1,"minecraft:torch":2,"minecraft:wooden_pickaxe":1,"minecraft:tuff":1,"minecraft:spruce_log":23,"minecraft:shield":2,"alexsmobs:animal_dictionary":2,"minecraft:wooden_sword":2,"minecraft:bone":1,"minecraft:leather_boots":2,"minecraft:stone_sword":1,"minecraft:sugar":1,"minecraft:rotten_flesh":4,"minecraft:stone_axe":1,"minecraft:spruce_planks":39,"minecraft:stone_pickaxe":2,"minecraft:bread":17,"minecraft:coal":26,"minecraft:cobblestone":46},"minecraft:mined":{"projectvibrantjourneys:icicle":1,"minecraft:tuff":1,"immersive_weathering:icicle":9,"immersive_weathering:spruce_leaf_pile":2,"minecraft:spruce_log":14,"minecraft:torch":2,"minecraft:crafting_table":1,"minecraft:coal_ore":7,"minecraft:cobblestone":1,"minecraft:smooth_basalt":1,"minecraft:deepslate_coal_ore":1,"minecraft:spruce_leaves":26,"minecraft:stone":35},"minecraft:used":{"minecraft:stone_sword":25,"minecraft:bread":2,"minecraft:stone_pickaxe":45,"minecraft:wooden_pickaxe":9,"minecraft:rotten_flesh":1,"minecraft:stone_axe":1,"minecraft:torch":8,"minecraft:wooden_sword":2,"minecraft:cobblestone":8,"minecraft:crafting_table":1},"minecraft:killed_by":{"minecraft:zombie":1},"minecraft:crafted":{"minecraft:crafting_table":1,"minecraft:spruce_planks":48,"minecraft:stick":8,"minecraft:wooden_pickaxe":1,"minecraft:stone_pickaxe":1,"minecraft:stone_sword":1,"minecraft:torch":16,"minecraft:stone_axe":1}},"DataVersion":2975}