{"stats":{"minecraft:dropped":{"minecraft:furnace":1,"minecraft:stone_axe":1,"minecraft:cooked_beef":2,"minecraft:rotten_flesh":6,"minecraft:copper_ingot":6,"max_armory:copper_sword":1,"minecraft:coal":1,"minecraft:spruce_planks":22,"minecraft:torch":84,"minecraft:stone_pickaxe":2},"minecraft:custom":{"minecraft:interact_with_furnace":10,"minecraft:mob_kills":18,"minecraft:interact_with_crafting_table":11,"minecraft:open_barrel":3,"minecraft:damage_dealt_resisted":12,"minecraft:time_since_death":8478,"minecraft:climb_one_cm":218,"minecraft:time_since_rest":8506,"minecraft:sprint_one_cm":89498,"minecraft:damage_taken":2436,"minecraft:walk_one_cm":184611,"minecraft:drop":35,"minecraft:damage_dealt":4540,"minecraft:fly_one_cm":104926,"minecraft:player_kills":2,"minecraft:crouch_one_cm":13444,"minecraft:play_time":65664,"minecraft:deaths":7,"minecraft:sneak_time":3896,"minecraft:walk_under_water_one_cm":927,"minecraft:jump":1103,"minecraft:walk_on_water_one_cm":7124,"minecraft:total_world_time":65664,"minecraft:fall_one_cm":24089},"minecraft:killed":{"rottencreatures:undead_miner":8,"minecraft:cave_spider":2,"minecraft:witch":1,"minecraft:zombie_villager":1,"minecraft:bat":1,"minecraft:zombie":4,"minecraft:enderman":1},"minecraft:picked_up":{"minecraft:iron_chestplate":1,"minecraft:crafting_table":3,"mekanism:raw_lead":12,"minecraft:powder_snow_bucket":3,"minecraft:packed_ice":22,"minecraft:leather":12,"minecraft:diamond_sword":3,"minecraft:wooden_pickaxe":3,"minecraft:filled_map":1,"minecraft:enchanted_book":6,"minecraft:tuff":1,"minecraft:shield":4,"minecraft:dirt":5,"minecraft:string":13,"minecraft:raw_copper":24,"minecraft:wooden_sword":2,"minecraft:leather_boots":2,"minecraft:bone":4,"minecraft:stone_bricks":7,"minecraft:raw_gold":9,"minecraft:spruce_planks":175,"minecraft:stone_pickaxe":6,"minecraft:mossy_stone_bricks":5,"minecraft:iron_pickaxe":2,"minecraft:diamond_helmet":3,"minecraft:furnace":4,"minecraft:stick":36,"minecraft:raw_iron":30,"minecraft:smooth_basalt":1,"minecraft:copper_ingot":6,"minecraft:torch":183,"mekanism:ingot_tin":8,"minecraft:pointed_dripstone":14,"minecraft:spruce_log":23,"minecraft:mossy_cobblestone":1,"mekanism:raw_osmium":17,"mekanism:raw_tin":10,"alexsmobs:animal_dictionary":2,"minecraft:tnt":12,"minecraft:stone_sword":4,"minecraft:rotten_flesh":23,"minecraft:sugar":1,"max_armory:copper_sword":2,"minecraft:diamond":4,"minecraft:stone_axe":5,"k_turrets:raw_titanium":2,"mekanism:fluorite_gem":8,"minecraft:bread":17,"minecraft:coal":76,"minecraft:snowball":16,"minecraft:cobblestone":151,"minecraft:ender_pearl":2},"minecraft:mined":{"projectvibrantjourneys:icicle":1,"minecraft:tuff":1,"minecraft:spruce_planks":8,"mekanism:osmium_ore":5,"immersive_weathering:icicle":17,"immersive_weathering:spruce_leaf_pile":2,"minecraft:powder_snow":3,"projectvibrantjourneys:rocks":1,"minecraft:crafting_table":2,"minecraft:glow_lichen":1,"minecraft:torch":10,"mekanism:tin_ore":2,"projectvibrantjourneys:mossy_rocks":1,"minecraft:copper_ore":1,"minecraft:cobblestone":5,"minecraft:deepslate_coal_ore":1,"minecraft:spruce_leaves":26,"minecraft:wall_torch":3,"minecraft:furnace":1,"mekanism:fluorite_ore":1,"minecraft:iron_ore":19,"minecraft:ice":7,"minecraft:blue_ice":1,"minecraft:spruce_log":14,"k_turrets:titanium_ore":2,"mekanism:lead_ore":6,"minecraft:grass":2,"minecraft:pointed_dripstone":4,"minecraft:coal_ore":32,"projectvibrantjourneys:short_grass":2,"minecraft:dripstone_block":1,"minecraft:packed_ice":7,"minecraft:cobweb":2,"minecraft:smooth_basalt":1,"minecraft:stone":68},"minecraft:used":{"minecraft:stone_sword":36,"minecraft:stone_pickaxe":89,"minecraft:spruce_planks":11,"minecraft:wooden_pickaxe":29,"minecraft:rotten_flesh":7,"minecraft:torch":23,"minecraft:crafting_table":2,"minecraft:diamond_helmet":2,"minecraft:snowball":2,"minecraft:packed_ice":5,"minecraft:iron_pickaxe":46,"minecraft:bread":3,"minecraft:stone_bricks":1,"minecraft:diamond_sword":58,"minecraft:stone_axe":10,"minecraft:wooden_sword":2,"minecraft:cobblestone":21,"minecraft:bucket":1,"minecraft:cooked_beef":3,"minecraft:powder_snow_bucket":1},"minecraft:killed_by":{"minecraft:player":1,"minecraft:zombie":2,"rottencreatures:undead_miner":3},"minecraft:crafted":{"minecraft:cooked_beef":5,"minecraft:diamond_sword":1,"minecraft:crafting_table":2,"minecraft:spruce_planks":48,"minecraft:wooden_pickaxe":2,"minecraft:furnace":1,"minecraft:stone_axe":2,"minecraft:air":0,"minecraft:diamond":2,"minecraft:stick":16,"minecraft:stone_pickaxe":2,"minecraft:stone_sword":2,"minecraft:torch":16}},"DataVersion":2975}