{"stats":{"minecraft:dropped":{"minecraft:cooked_beef":1,"minecraft:coal":1,"minecraft:stone_pickaxe":1},"minecraft:custom":{"minecraft:interact_with_furnace":7,"minecraft:mob_kills":4,"minecraft:interact_with_crafting_table":11,"minecraft:open_barrel":3,"minecraft:damage_dealt_resisted":12,"minecraft:time_since_death":18432,"minecraft:time_since_rest":18460,"minecraft:sprint_one_cm":44117,"minecraft:damage_taken":1416,"minecraft:walk_one_cm":91517,"minecraft:drop":3,"minecraft:damage_dealt":1459,"minecraft:fly_one_cm":75425,"minecraft:player_kills":1,"minecraft:crouch_one_cm":8711,"minecraft:play_time":41664,"minecraft:deaths":4,"minecraft:sneak_time":2449,"minecraft:walk_under_water_one_cm":927,"minecraft:jump":683,"minecraft:walk_on_water_one_cm":5310,"minecraft:total_world_time":41664,"minecraft:fall_one_cm":15148},"minecraft:killed":{"rottencreatures:undead_miner":1,"minecraft:witch":1,"minecraft:zombie_villager":1,"minecraft:zombie":2},"minecraft:picked_up":{"minecraft:crafting_table":2,"minecraft:leather":3,"minecraft:wooden_pickaxe":1,"minecraft:tuff":1,"minecraft:shield":2,"minecraft:string":1,"minecraft:wooden_sword":2,"minecraft:leather_boots":2,"minecraft:bone":2,"minecraft:spruce_planks":84,"minecraft:stone_pickaxe":2,"minecraft:mossy_stone_bricks":1,"minecraft:stick":5,"minecraft:raw_iron":4,"minecraft:smooth_basalt":1,"minecraft:torch":4,"minecraft:spruce_log":23,"alexsmobs:animal_dictionary":2,"minecraft:stone_sword":1,"minecraft:rotten_flesh":4,"minecraft:sugar":1,"minecraft:stone_axe":1,"minecraft:bread":17,"minecraft:coal":27,"minecraft:cobblestone":68},"minecraft:mined":{"projectvibrantjourneys:icicle":1,"minecraft:tuff":1,"immersive_weathering:icicle":17,"immersive_weathering:spruce_leaf_pile":2,"minecraft:powder_snow":3,"minecraft:crafting_table":1,"minecraft:torch":2,"minecraft:cobblestone":2,"minecraft:deepslate_coal_ore":1,"minecraft:spruce_leaves":26,"minecraft:iron_ore":5,"minecraft:ice":7,"minecraft:blue_ice":1,"minecraft:spruce_log":14,"minecraft:grass":2,"minecraft:coal_ore":7,"projectvibrantjourneys:short_grass":2,"minecraft:packed_ice":6,"minecraft:cobweb":1,"minecraft:smooth_basalt":1,"minecraft:stone":55},"minecraft:used":{"minecraft:stone_sword":36,"minecraft:stone_pickaxe":51,"minecraft:wooden_pickaxe":29,"minecraft:rotten_flesh":1,"minecraft:torch":12,"minecraft:crafting_table":2,"minecraft:diamond_helmet":1,"minecraft:packed_ice":3,"minecraft:bread":3,"minecraft:stone_axe":1,"minecraft:wooden_sword":2,"minecraft:cobblestone":10,"minecraft:bucket":1,"minecraft:cooked_beef":2,"minecraft:powder_snow_bucket":1},"minecraft:killed_by":{"minecraft:player":1,"minecraft:zombie":2},"minecraft:crafted":{"minecraft:cooked_beef":5,"minecraft:diamond_sword":1,"minecraft:crafting_table":2,"minecraft:spruce_planks":48,"minecraft:wooden_pickaxe":2,"minecraft:furnace":1,"minecraft:stone_axe":2,"minecraft:air":0,"minecraft:diamond":2,"minecraft:stick":16,"minecraft:stone_pickaxe":2,"minecraft:stone_sword":2,"minecraft:torch":16}},"DataVersion":2975}