{"stats":{"minecraft:dropped":{"minecraft:stone_pickaxe":1},"minecraft:custom":{"minecraft:time_since_rest":6460,"minecraft:sprint_one_cm":43695,"minecraft:damage_taken":1393,"minecraft:walk_one_cm":70730,"minecraft:mob_kills":4,"minecraft:drop":1,"minecraft:damage_dealt":1449,"minecraft:player_kills":1,"minecraft:interact_with_crafting_table":3,"minecraft:fly_one_cm":75187,"minecraft:open_barrel":3,"minecraft:crouch_one_cm":6744,"minecraft:play_time":29664,"minecraft:deaths":4,"minecraft:sneak_time":1823,"minecraft:walk_under_water_one_cm":927,"minecraft:damage_dealt_resisted":12,"minecraft:jump":554,"minecraft:walk_on_water_one_cm":5310,"minecraft:time_since_death":6432,"minecraft:total_world_time":29664,"minecraft:fall_one_cm":12691},"minecraft:killed":{"rottencreatures:undead_miner":1,"minecraft:zombie":2,"minecraft:witch":1,"minecraft:zombie_villager":1},"minecraft:picked_up":{"minecraft:stick":5,"minecraft:crafting_table":2,"minecraft:smooth_basalt":1,"minecraft:torch":3,"minecraft:wooden_pickaxe":1,"minecraft:tuff":1,"minecraft:spruce_log":23,"minecraft:shield":2,"alexsmobs:animal_dictionary":2,"minecraft:wooden_sword":2,"minecraft:bone":2,"minecraft:leather_boots":2,"minecraft:stone_sword":1,"minecraft:sugar":1,"minecraft:rotten_flesh":4,"minecraft:stone_axe":1,"minecraft:spruce_planks":39,"minecraft:stone_pickaxe":2,"minecraft:bread":17,"minecraft:coal":26,"minecraft:cobblestone":46},"minecraft:mined":{"projectvibrantjourneys:icicle":1,"minecraft:tuff":1,"immersive_weathering:icicle":14,"minecraft:blue_ice":1,"minecraft:ice":7,"immersive_weathering:spruce_leaf_pile":2,"minecraft:spruce_log":14,"minecraft:powder_snow":3,"minecraft:torch":2,"minecraft:crafting_table":1,"minecraft:grass":2,"projectvibrantjourneys:short_grass":2,"minecraft:coal_ore":7,"minecraft:packed_ice":2,"minecraft:cobblestone":1,"minecraft:smooth_basalt":1,"minecraft:deepslate_coal_ore":1,"minecraft:spruce_leaves":26,"minecraft:stone":35},"minecraft:used":{"minecraft:packed_ice":3,"minecraft:stone_sword":35,"minecraft:bread":3,"minecraft:stone_pickaxe":45,"minecraft:wooden_pickaxe":9,"minecraft:rotten_flesh":1,"minecraft:stone_axe":1,"minecraft:torch":11,"minecraft:wooden_sword":2,"minecraft:cobblestone":8,"minecraft:crafting_table":1,"minecraft:diamond_helmet":1},"minecraft:killed_by":{"minecraft:player":1,"minecraft:zombie":2},"minecraft:crafted":{"minecraft:crafting_table":1,"minecraft:spruce_planks":48,"minecraft:stick":8,"minecraft:wooden_pickaxe":1,"minecraft:stone_pickaxe":1,"minecraft:stone_sword":1,"minecraft:torch":16,"minecraft:stone_axe":1}},"DataVersion":2975}