{
  "farmersdelight:main/root": {
    "criteria": {
      "seeds": "2024-08-13 18:30:47 +0000"
    },
    "done": true
  },
  "betterdungeons:root": {
    "criteria": {
      "always": "2024-08-13 18:30:47 +0000"
    },
    "done": true
  },
  "minecraft:adventure/adventuring_time": {
    "criteria": {
      "minecraft:river": "2024-08-13 18:31:48 +0000",
      "minecraft:forest": "2024-08-13 18:30:47 +0000",
      "minecraft:jungle": "2024-08-13 18:31:53 +0000"
    },
    "done": false
  },
  "DataVersion": 2975
}