{
  "byg:biomepedia_gift": {
    "criteria": {
      "tick": "2024-08-15 00:33:39 +0000"
    },
    "done": true
  },
  "byg:root": {
    "criteria": {
      "tick": "2024-08-15 00:33:39 +0000"
    },
    "done": true
  },
  "farmersdelight:main/root": {
    "criteria": {
      "seeds": "2024-08-15 00:33:35 +0000"
    },
    "done": true
  },
  "betterdungeons:root": {
    "criteria": {
      "always": "2024-08-15 00:33:39 +0000"
    },
    "done": true
  },
  "minecraft:recipes/decorations/scaffolding": {
    "criteria": {
      "has_bamboo": "2024-08-15 00:34:09 +0000"
    },
    "done": true
  },
  "minecraft:recipes/misc/stick_from_bamboo_item": {
    "criteria": {
      "has_bamboo": "2024-08-15 00:34:09 +0000"
    },
    "done": true
  },
  "minecraft:adventure/adventuring_time": {
    "criteria": {
      "minecraft:bamboo_jungle": "2024-08-15 00:33:35 +0000"
    },
    "done": false
  },
  "DataVersion": 2975
}